time,c_0,c_1,c_2,c_3,c_4,c_5,c_6,c_7,v_0,v_1,v_2,v_3,v_4,v_5,v_6,v_7,v_8,v_9,v_10,v_11,v_12,v_13,m,k
0:00:00,40000.0,40000.0,40000.0,40000.0,40000.0,40000.0,40000.0,40000.0,320.0,1206.0,155.0,313.0,108.0,176.0,454.0,155.0,313.0,108.0,100.0,76.0,220.0,886.0,0.0,0.0
0:00:10,40000.0,40000.0,40000.0,40000.0,40000.0,40000.0,40000.0,40000.0,320.0,1206.0,155.0,313.0,108.0,176.0,454.0,155.0,313.0,108.0,100.0,76.0,220.0,886.0,0.0,0.0
0:00:20,40000.0,40000.0,40000.0,40000.0,40000.0,40000.0,40000.0,40000.0,320.0,1206.0,155.0,313.0,108.0,176.0,454.0,155.0,313.0,108.0,100.0,76.0,220.0,886.0,0.0,0.0
0:00:30,40000.0,40000.0,40000.0,40000.0,40000.0,40000.0,40000.0,40000.0,320.0,1206.0,155.0,313.0,108.0,176.0,454.0,155.0,313.0,108.0,100.0,76.0,220.0,886.0,0.0,0.0
0:00:40,40000.0,40000.0,40000.0,40000.0,40000.0,40000.0,40000.0,40000.0,320.0,1206.0,155.0,313.0,108.0,176.0,454.0,155.0,313.0,108.0,100.0,76.0,220.0,886.0,0.0,0.0
0:00:50,40000.0,40000.0,40000.0,40000.0,40000.0,40000.0,40000.0,40000.0,320.0,1206.0,155.0,313.0,108.0,176.0,454.0,155.0,313.0,108.0,100.0,76.0,220.0,886.0,0.0,0.0
0:01:00,40000.0,40000.0,40000.0,40000.0,40000.0,40000.0,40000.0,40000.0,320.0,1206.0,155.0,313.0,108.0,176.0,454.0,155.0,313.0,108.0,100.0,76.0,220.0,886.0,0.0,0.0
0:01:10,40000.0,40000.0,40000.0,40000.0,40000.0,40000.0,40000.0,40000.0,320.0,1206.0,155.0,313.0,108.0,176.0,454.0,155.0,313.0,108.0,100.0,76.0,220.0,886.0,0.0,0.0
0:01:20,40000.0,40000.0,40000.0,40000.0,40000.0,40000.0,40000.0,40000.0,320.0,1206.0,155.0,313.0,108.0,176.0,454.0,155.0,313.0,108.0,100.0,76.0,220.0,886.0,0.0,0.0
0:01:30,40000.0,40000.0,40000.0,40000.0,40000.0,40000.0,40000.0,40000.0,320.0,1206.0,155.0,313.0,108.0,176.0,454.0,155.0,313.0,108.0,100.0,76.0,220.0,886.0,0.0,0.0
0:01:40,40000.0,40000.0,40000.0,40000.0,40000.0,40000.0,40000.0,40000.0,320.0,1206.0,155.0,313.0,108.0,176.0,454.0,155.0,313.0,108.0,100.0,76.0,220.0,886.0,0.0,0.0
0:01:50,40000.0,40000.0,40000.0,40000.0,40000.0,40000.0,40000.0,40000.0,320.0,1206.0,155.0,313.0,108.0,176.0,454.0,155.0,313.0,108.0,100.0,76.0,220.0,886.0,0.0,0.0
0:02:00,40000.0,40000.0,40000.0,40000.0,40000.0,40000.0,40000.0,40000.0,320.0,1206.0,155.0,313.0,108.0,176.0,454.0,155.0,313.0,108.0,100.0,76.0,220.0,886.0,0.0,0.0
0:02:10,40000.0,40000.0,40000.0,40000.0,40000.0,40000.0,40000.0,40000.0,320.0,1206.0,155.0,313.0,108.0,176.0,454.0,155.0,313.0,108.0,100.0,76.0,220.0,886.0,0.0,0.0
0:02:20,40000.0,40000.0,40000.0,40000.0,40000.0,40000.0,40000.0,40000.0,320.0,1206.0,155.0,313.0,108.0,176.0,454.0,155.0,313.0,108.0,100.0,76.0,220.0,886.0,0.0,0.0
0:02:30,40000.0,40000.0,40000.0,40000.0,40000.0,40000.0,40000.0,40000.0,320.0,1206.0,155.0,313.0,108.0,176.0,454.0,155.0,313.0,108.0,100.0,76.0,220.0,886.0,0.0,0.0
0:02:40,40000.0,40000.0,40000.0,40000.0,40000.0,40000.0,40000.0,40000.0,320.0,1206.0,155.0,313.0,108.0,176.0,454.0,155.0,313.0,108.0,100.0,76.0,220.0,886.0,0.0,0.0
0:02:50,40000.0,40000.0,40000.0,40000.0,40000.0,40000.0,40000.0,40000.0,320.0,1206.0,155.0,313.0,108.0,176.0,454.0,155.0,313.0,108.0,100.0,76.0,220.0,886.0,0.0,0.0
0:03:00,40000.0,40000.0,40000.0,40000.0,40000.0,40000.0,40000.0,40000.0,320.0,1206.0,155.0,313.0,108.0,176.0,454.0,155.0,313.0,108.0,100.0,76.0,220.0,886.0,0.0,0.0
0:03:10,40000.0,40000.0,40000.0,40000.0,40000.0,40000.0,40000.0,40000.0,320.0,1206.0,155.0,313.0,108.0,176.0,454.0,155.0,313.0,108.0,100.0,76.0,220.0,886.0,0.0,0.0
0:03:20,40000.0,40000.0,40000.0,40000.0,40000.0,40000.0,40000.0,40000.0,320.0,1206.0,155.0,313.0,108.0,176.0,454.0,155.0,313.0,108.0,100.0,76.0,220.0,886.0,0.0,0.0
0:03:30,40000.0,40000.0,40000.0,40000.0,40000.0,40000.0,40000.0,40000.0,320.0,1206.0,155.0,313.0,108.0,176.0,454.0,155.0,313.0,108.0,100.0,76.0,220.0,886.0,0.0,0.0
0:03:40,40000.0,40000.0,40000.0,40000.0,40000.0,40000.0,40000.0,40000.0,320.0,1206.0,155.0,313.0,108.0,176.0,454.0,155.0,313.0,108.0,100.0,76.0,220.0,886.0,0.0,0.0
0:03:50,40000.0,40000.0,40000.0,40000.0,40000.0,40000.0,40000.0,40000.0,320.0,1206.0,155.0,313.0,108.0,176.0,454.0,155.0,313.0,108.0,100.0,76.0,220.0,886.0,0.0,0.0
0:04:00,40000.0,40000.0,40000.0,40000.0,40000.0,40000.0,40000.0,40000.0,320.0,1206.0,155.0,313.0,108.0,176.0,454.0,155.0,313.0,108.0,100.0,76.0,220.0,886.0,0.0,0.0
0:04:10,40000.0,40000.0,40000.0,40000.0,40000.0,40000.0,40000.0,40000.0,320.0,1206.0,155.0,313.0,108.0,176.0,454.0,155.0,313.0,108.0,100.0,76.0,220.0,886.0,0.0,0.0
0:04:20,40000.0,40000.0,40000.0,40000.0,40000.0,40000.0,40000.0,40000.0,320.0,1206.0,155.0,313.0,108.0,176.0,454.0,155.0,313.0,108.0,100.0,76.0,220.0,886.0,0.0,0.0
0:04:30,40000.0,40000.0,40000.0,40000.0,40000.0,40000.0,40000.0,40000.0,320.0,1206.0,155.0,313.0,108.0,176.0,454.0,155.0,313.0,108.0,100.0,76.0,220.0,886.0,0.0,0.0
0:04:40,40000.0,40000.0,40000.0,40000.0,40000.0,40000.0,40000.0,40000.0,320.0,1206.0,155.0,313.0,108.0,176.0,454.0,155.0,313.0,108.0,100.0,76.0,220.0,886.0,0.0,0.0
0:04:50,40000.0,40000.0,40000.0,40000.0,40000.0,40000.0,40000.0,40000.0,320.0,1206.0,155.0,313.0,108.0,176.0,454.0,155.0,313.0,108.0,100.0,76.0,220.0,886.0,0.0,0.0
0:05:00,40000.0,40000.0,40000.0,40000.0,40000.0,40000.0,40000.0,40000.0,320.0,1206.0,155.0,313.0,108.0,176.0,454.0,155.0,313.0,108.0,100.0,76.0,220.0,886.0,0.0,0.0
0:05:10,40000.0,40000.0,40000.0,40000.0,40000.0,40000.0,40000.0,40000.0,320.0,1206.0,155.0,313.0,108.0,176.0,454.0,155.0,313.0,108.0,100.0,76.0,220.0,886.0,0.0,0.0
0:05:20,40000.0,40000.0,40000.0,40000.0,40000.0,40000.0,40000.0,40000.0,320.0,1206.0,155.0,313.0,108.0,176.0,454.0,155.0,313.0,108.0,100.0,76.0,220.0,886.0,0.0,0.0
0:05:30,40000.0,40000.0,40000.0,40000.0,40000.0,40000.0,40000.0,40000.0,320.0,1206.0,155.0,313.0,108.0,176.0,454.0,155.0,313.0,108.0,100.0,76.0,220.0,886.0,0.0,0.0
0:05:40,40000.0,40000.0,40000.0,40000.0,40000.0,40000.0,40000.0,40000.0,320.0,1206.0,155.0,313.0,108.0,176.0,454.0,155.0,313.0,108.0,100.0,76.0,220.0,886.0,0.0,0.0
0:05:50,40000.0,40000.0,40000.0,40000.0,40000.0,40000.0,40000.0,40000.0,320.0,1206.0,155.0,313.0,108.0,176.0,454.0,155.0,313.0,108.0,100.0,76.0,220.0,886.0,0.0,0.0
0:06:00,40000.0,40000.0,40000.0,40000.0,40000.0,40000.0,40000.0,40000.0,320.0,1206.0,155.0,313.0,108.0,176.0,454.0,155.0,313.0,108.0,100.0,76.0,220.0,886.0,0.0,0.0
0:06:10,40000.0,40000.0,40000.0,40000.0,40000.0,40000.0,40000.0,40000.0,320.0,1206.0,155.0,313.0,108.0,176.0,454.0,155.0,313.0,108.0,100.0,76.0,220.0,886.0,0.0,0.0
0:06:20,40000.0,40000.0,40000.0,40000.0,40000.0,40000.0,40000.0,40000.0,320.0,1206.0,155.0,313.0,108.0,176.0,454.0,155.0,313.0,108.0,100.0,76.0,220.0,886.0,0.0,0.0
0:06:30,40000.0,40000.0,40000.0,40000.0,40000.0,40000.0,40000.0,40000.0,320.0,1206.0,155.0,313.0,108.0,176.0,454.0,155.0,313.0,108.0,100.0,76.0,220.0,886.0,0.0,0.0
0:06:40,40000.0,40000.0,40000.0,40000.0,40000.0,40000.0,40000.0,40000.0,320.0,1206.0,155.0,313.0,108.0,176.0,454.0,155.0,313.0,108.0,100.0,76.0,220.0,886.0,0.0,0.0
0:06:50,40000.0,40000.0,40000.0,40000.0,40000.0,40000.0,40000.0,40000.0,320.0,1206.0,155.0,313.0,108.0,176.0,454.0,155.0,313.0,108.0,100.0,76.0,220.0,886.0,0.0,0.0
0:07:00,40000.0,40000.0,40000.0,40000.0,40000.0,40000.0,40000.0,40000.0,320.0,1206.0,155.0,313.0,108.0,176.0,454.0,155.0,313.0,108.0,100.0,76.0,220.0,886.0,0.0,0.0
0:07:10,40000.0,40000.0,40000.0,40000.0,40000.0,40000.0,40000.0,40000.0,320.0,1206.0,155.0,313.0,108.0,176.0,454.0,155.0,313.0,108.0,100.0,76.0,220.0,886.0,0.0,0.0
0:07:20,40000.0,40000.0,40000.0,40000.0,40000.0,40000.0,40000.0,40000.0,320.0,1206.0,155.0,313.0,108.0,176.0,454.0,155.0,313.0,108.0,100.0,76.0,220.0,886.0,0.0,0.0
0:07:30,40000.0,40000.0,40000.0,40000.0,40000.0,40000.0,40000.0,40000.0,320.0,1206.0,155.0,313.0,108.0,176.0,454.0,155.0,313.0,108.0,100.0,76.0,220.0,886.0,0.0,0.0
0:07:40,40000.0,40000.0,40000.0,40000.0,40000.0,40000.0,40000.0,40000.0,320.0,1206.0,155.0,313.0,108.0,176.0,454.0,155.0,313.0,108.0,100.0,76.0,220.0,886.0,0.0,0.0
0:07:50,40000.0,40000.0,40000.0,40000.0,40000.0,40000.0,40000.0,40000.0,320.0,1206.0,155.0,313.0,108.0,176.0,454.0,155.0,313.0,108.0,100.0,76.0,220.0,886.0,0.0,0.0
0:08:00,40000.0,40000.0,40000.0,40000.0,40000.0,40000.0,40000.0,40000.0,320.0,1206.0,155.0,313.0,108.0,176.0,454.0,155.0,313.0,108.0,100.0,76.0,220.0,886.0,0.0,0.0
0:08:10,40000.0,40000.0,40000.0,40000.0,40000.0,40000.0,40000.0,40000.0,320.0,1206.0,155.0,313.0,108.0,176.0,454.0,155.0,313.0,108.0,100.0,76.0,220.0,886.0,0.0,0.0
0:08:20,40000.0,40000.0,40000.0,40000.0,40000.0,40000.0,40000.0,40000.0,320.0,1206.0,155.0,313.0,108.0,176.0,454.0,155.0,313.0,108.0,100.0,76.0,220.0,886.0,0.0,0.0
0:08:30,40000.0,40000.0,40000.0,40000.0,40000.0,40000.0,40000.0,40000.0,320.0,1206.0,155.0,313.0,108.0,176.0,454.0,155.0,313.0,108.0,100.0,76.0,220.0,886.0,0.0,0.0
0:08:40,40000.0,40000.0,40000.0,40000.0,40000.0,40000.0,40000.0,40000.0,320.0,1206.0,155.0,313.0,108.0,176.0,454.0,155.0,313.0,108.0,100.0,76.0,220.0,886.0,0.0,0.0
0:08:50,40000.0,40000.0,40000.0,40000.0,40000.0,40000.0,40000.0,40000.0,320.0,1206.0,155.0,313.0,108.0,176.0,454.0,155.0,313.0,108.0,100.0,76.0,220.0,886.0,0.0,0.0
0:09:00,40000.0,40000.0,40000.0,40000.0,40000.0,40000.0,40000.0,40000.0,320.0,1206.0,155.0,313.0,108.0,176.0,454.0,155.0,313.0,108.0,100.0,76.0,220.0,886.0,0.0,0.0
0:09:10,40000.0,40000.0,40000.0,40000.0,40000.0,40000.0,40000.0,40000.0,320.0,1206.0,155.0,313.0,108.0,176.0,454.0,155.0,313.0,108.0,100.0,76.0,220.0,886.0,0.0,0.0
0:09:20,40000.0,40000.0,40000.0,40000.0,40000.0,40000.0,40000.0,40000.0,320.0,1206.0,155.0,313.0,108.0,176.0,454.0,155.0,313.0,108.0,100.0,76.0,220.0,886.0,0.0,0.0
0:09:30,40000.0,40000.0,40000.0,40000.0,40000.0,40000.0,40000.0,40000.0,320.0,1206.0,155.0,313.0,108.0,176.0,454.0,155.0,313.0,108.0,100.0,76.0,220.0,886.0,0.0,0.0
0:09:40,40000.0,40000.0,40000.0,40000.0,40000.0,40000.0,40000.0,40000.0,320.0,1206.0,155.0,313.0,108.0,176.0,454.0,155.0,313.0,108.0,100.0,76.0,220.0,886.0,0.0,0.0
0:09:50,40000.0,40000.0,40000.0,40000.0,40000.0,40000.0,40000.0,40000.0,320.0,1206.0,155.0,313.0,108.0,176.0,454.0,155.0,313.0,108.0,100.0,76.0,220.0,886.0,0.0,0.0
0:10:00,40000.0,40000.0,40000.0,40000.0,40000.0,40000.0,40000.0,40000.0,320.0,1206.0,155.0,313.0,108.0,176.0,454.0,155.0,313.0,108.0,100.0,76.0,220.0,886.0,28470.0,0.0
0:10:10,40000.0,40000.0,40000.0,40000.0,40000.0,40000.0,40000.0,40000.0,320.0,1206.0,155.0,313.0,108.0,176.0,454.0,155.0,313.0,108.0,100.0,76.0,220.0,886.0,28470.0,0.0
0:10:20,40000.0,40000.0,40000.0,40000.0,40000.0,40000.0,40000.0,40000.0,320.0,1206.0,155.0,313.0,108.0,176.0,454.0,155.0,313.0,108.0,100.0,76.0,220.0,886.0,28470.0,0.0
0:10:30,40000.0,40000.0,40000.0,40000.0,40000.0,40000.0,40000.0,40000.0,320.0,1206.0,155.0,313.0,108.0,176.0,454.0,155.0,313.0,108.0,100.0,76.0,220.0,886.0,28470.0,0.0
0:10:40,40000.0,40000.0,40000.0,40000.0,40000.0,40000.0,40000.0,40000.0,320.0,1206.0,155.0,313.0,108.0,176.0,454.0,155.0,313.0,108.0,100.0,76.0,220.0,886.0,28470.0,0.0
0:10:50,40000.0,40000.0,40000.0,40000.0,40000.0,40000.0,40000.0,40000.0,320.0,1206.0,155.0,313.0,108.0,176.0,454.0,155.0,313.0,108.0,100.0,76.0,220.0,886.0,28470.0,0.0
0:11:00,40000.0,40000.0,40000.0,40000.0,40000.0,40000.0,40000.0,40000.0,320.0,1206.0,155.0,313.0,108.0,176.0,454.0,155.0,313.0,108.0,100.0,76.0,220.0,886.0,28470.0,0.0
0:11:10,40000.0,40000.0,40000.0,40000.0,40000.0,40000.0,40000.0,40000.0,320.0,1206.0,155.0,313.0,108.0,176.0,454.0,155.0,313.0,108.0,100.0,76.0,220.0,886.0,28470.0,0.0
0:11:20,40000.0,40000.0,40000.0,40000.0,40000.0,40000.0,40000.0,40000.0,320.0,1206.0,155.0,313.0,108.0,176.0,454.0,155.0,313.0,108.0,100.0,76.0,220.0,886.0,28470.0,0.0
0:11:30,40000.0,40000.0,40000.0,40000.0,40000.0,40000.0,40000.0,40000.0,320.0,1206.0,155.0,313.0,108.0,176.0,454.0,155.0,313.0,108.0,100.0,76.0,220.0,886.0,28470.0,0.0
0:11:40,40000.0,40000.0,40000.0,40000.0,40000.0,40000.0,40000.0,40000.0,320.0,1206.0,155.0,313.0,108.0,176.0,454.0,155.0,313.0,108.0,100.0,76.0,220.0,886.0,28470.0,0.0
0:11:50,40000.0,40000.0,40000.0,40000.0,40000.0,40000.0,40000.0,40000.0,320.0,1206.0,155.0,313.0,108.0,176.0,454.0,155.0,313.0,108.0,100.0,76.0,220.0,886.0,28470.0,0.0
0:12:00,40000.0,40000.0,40000.0,40000.0,40000.0,40000.0,40000.0,40000.0,320.0,1206.0,155.0,313.0,108.0,176.0,454.0,155.0,313.0,108.0,100.0,76.0,220.0,886.0,28470.0,0.0
0:12:10,40000.0,40000.0,40000.0,40000.0,40000.0,40000.0,40000.0,40000.0,320.0,1206.0,155.0,313.0,108.0,176.0,454.0,155.0,313.0,108.0,100.0,76.0,220.0,886.0,28470.0,0.0
0:12:20,40000.0,40000.0,40000.0,40000.0,40000.0,40000.0,40000.0,40000.0,320.0,1206.0,155.0,313.0,108.0,176.0,454.0,155.0,313.0,108.0,100.0,76.0,220.0,886.0,28470.0,0.0
0:12:30,40000.0,40000.0,40000.0,40000.0,40000.0,40000.0,40000.0,40000.0,320.0,1206.0,155.0,313.0,108.0,176.0,454.0,155.0,313.0,108.0,100.0,76.0,220.0,886.0,28470.0,0.0
0:12:40,40000.0,40000.0,40000.0,40000.0,40000.0,40000.0,40000.0,40000.0,320.0,1206.0,155.0,313.0,108.0,176.0,454.0,155.0,313.0,108.0,100.0,76.0,220.0,886.0,28470.0,0.0
0:12:50,40000.0,40000.0,40000.0,40000.0,40000.0,40000.0,40000.0,40000.0,320.0,1206.0,155.0,313.0,108.0,176.0,454.0,155.0,313.0,108.0,100.0,76.0,220.0,886.0,28470.0,0.0
0:13:00,40000.0,40000.0,40000.0,40000.0,40000.0,40000.0,40000.0,40000.0,320.0,1206.0,155.0,313.0,108.0,176.0,454.0,155.0,313.0,108.0,100.0,76.0,220.0,886.0,28470.0,0.0
0:13:10,40000.0,40000.0,40000.0,40000.0,40000.0,40000.0,40000.0,40000.0,320.0,1206.0,155.0,313.0,108.0,176.0,454.0,155.0,313.0,108.0,100.0,76.0,220.0,886.0,28470.0,0.0
0:13:20,40000.0,40000.0,40000.0,40000.0,40000.0,40000.0,40000.0,40000.0,320.0,1206.0,155.0,313.0,108.0,176.0,454.0,155.0,313.0,108.0,100.0,76.0,220.0,886.0,28470.0,0.0
0:13:30,40000.0,40000.0,40000.0,40000.0,40000.0,40000.0,40000.0,40000.0,320.0,1206.0,155.0,313.0,108.0,176.0,454.0,155.0,313.0,108.0,100.0,76.0,220.0,886.0,28470.0,0.0
0:13:40,40000.0,40000.0,40000.0,40000.0,40000.0,40000.0,40000.0,40000.0,320.0,1206.0,155.0,313.0,108.0,176.0,454.0,155.0,313.0,108.0,100.0,76.0,220.0,886.0,28470.0,0.0
0:13:50,40000.0,40000.0,40000.0,40000.0,40000.0,40000.0,40000.0,40000.0,320.0,1206.0,155.0,313.0,108.0,176.0,454.0,155.0,313.0,108.0,100.0,76.0,220.0,886.0,28470.0,0.0
0:14:00,40000.0,40000.0,40000.0,40000.0,40000.0,40000.0,40000.0,40000.0,320.0,1206.0,155.0,313.0,108.0,176.0,454.0,155.0,313.0,108.0,100.0,76.0,220.0,886.0,28470.0,0.0
0:14:10,40000.0,40000.0,40000.0,40000.0,40000.0,40000.0,40000.0,40000.0,320.0,1206.0,155.0,313.0,108.0,176.0,454.0,155.0,313.0,108.0,100.0,76.0,220.0,886.0,28470.0,0.0
0:14:20,40000.0,40000.0,40000.0,40000.0,40000.0,40000.0,40000.0,40000.0,320.0,1206.0,155.0,313.0,108.0,176.0,454.0,155.0,313.0,108.0,100.0,76.0,220.0,886.0,28470.0,0.0
0:14:30,40000.0,40000.0,40000.0,40000.0,40000.0,40000.0,40000.0,40000.0,320.0,1206.0,155.0,313.0,108.0,176.0,454.0,155.0,313.0,108.0,100.0,76.0,220.0,886.0,28470.0,0.0
0:14:40,40000.0,40000.0,40000.0,40000.0,40000.0,40000.0,40000.0,40000.0,320.0,1206.0,155.0,313.0,108.0,176.0,454.0,155.0,313.0,108.0,100.0,76.0,220.0,886.0,28470.0,0.0
0:14:50,40000.0,40000.0,40000.0,40000.0,40000.0,40000.0,40000.0,40000.0,320.0,1206.0,155.0,313.0,108.0,176.0,454.0,155.0,313.0,108.0,100.0,76.0,220.0,886.0,28470.0,0.0
0:15:00,40000.0,40000.0,40000.0,40000.0,40000.0,40000.0,40000.0,40000.0,320.0,1206.0,155.0,313.0,108.0,176.0,454.0,155.0,313.0,108.0,100.0,76.0,220.0,886.0,28470.0,0.0
0:15:10,40000.0,40000.0,40000.0,40000.0,40000.0,40000.0,40000.0,40000.0,320.0,1206.0,155.0,313.0,108.0,176.0,454.0,155.0,313.0,108.0,100.0,76.0,220.0,886.0,28470.0,0.0
0:15:20,40000.0,40000.0,40000.0,40000.0,40000.0,40000.0,40000.0,40000.0,320.0,1206.0,155.0,313.0,108.0,176.0,454.0,155.0,313.0,108.0,100.0,76.0,220.0,886.0,28470.0,0.0
0:15:30,40000.0,40000.0,40000.0,40000.0,40000.0,40000.0,40000.0,40000.0,320.0,1206.0,155.0,313.0,108.0,176.0,454.0,155.0,313.0,108.0,100.0,76.0,220.0,886.0,28470.0,0.0
0:15:40,40000.0,40000.0,40000.0,40000.0,40000.0,40000.0,40000.0,40000.0,320.0,1206.0,155.0,313.0,108.0,176.0,454.0,155.0,313.0,108.0,100.0,76.0,220.0,886.0,28470.0,0.0
0:15:50,40000.0,40000.0,40000.0,40000.0,40000.0,40000.0,40000.0,40000.0,320.0,1206.0,155.0,313.0,108.0,176.0,454.0,155.0,313.0,108.0,100.0,76.0,220.0,886.0,28470.0,0.0
0:16:00,40000.0,40000.0,40000.0,40000.0,40000.0,40000.0,40000.0,40000.0,320.0,1206.0,155.0,313.0,108.0,176.0,454.0,155.0,313.0,108.0,100.0,76.0,220.0,886.0,28470.0,0.0
0:16:10,40000.0,40000.0,40000.0,40000.0,40000.0,40000.0,40000.0,40000.0,320.0,1206.0,155.0,313.0,108.0,176.0,454.0,155.0,313.0,108.0,100.0,76.0,220.0,886.0,28470.0,0.0
0:16:20,40000.0,40000.0,40000.0,40000.0,40000.0,40000.0,40000.0,40000.0,320.0,1206.0,155.0,313.0,108.0,176.0,454.0,155.0,313.0,108.0,100.0,76.0,220.0,886.0,28470.0,0.0
0:16:30,40000.0,40000.0,40000.0,40000.0,40000.0,40000.0,40000.0,40000.0,320.0,1206.0,155.0,313.0,108.0,176.0,454.0,155.0,313.0,108.0,100.0,76.0,220.0,886.0,28470.0,0.0
0:16:40,40000.0,40000.0,40000.0,40000.0,40000.0,40000.0,40000.0,40000.0,320.0,1206.0,155.0,313.0,108.0,176.0,454.0,155.0,313.0,108.0,100.0,76.0,220.0,886.0,28470.0,0.0
0:16:50,40000.0,40000.0,40000.0,40000.0,40000.0,40000.0,40000.0,40000.0,320.0,1206.0,155.0,313.0,108.0,176.0,454.0,155.0,313.0,108.0,100.0,76.0,220.0,886.0,28470.0,0.0
0:17:00,40000.0,40000.0,40000.0,40000.0,40000.0,40000.0,40000.0,40000.0,320.0,1206.0,155.0,313.0,108.0,176.0,454.0,155.0,313.0,108.0,100.0,76.0,220.0,886.0,28470.0,0.0
0:17:10,40000.0,40000.0,40000.0,40000.0,40000.0,40000.0,40000.0,40000.0,320.0,1206.0,155.0,313.0,108.0,176.0,454.0,155.0,313.0,108.0,100.0,76.0,220.0,886.0,28470.0,0.0
0:17:20,40000.0,40000.0,40000.0,40000.0,40000.0,40000.0,40000.0,40000.0,320.0,1206.0,155.0,313.0,108.0,176.0,454.0,155.0,313.0,108.0,100.0,76.0,220.0,886.0,28470.0,0.0
0:17:30,40000.0,40000.0,40000.0,40000.0,40000.0,40000.0,40000.0,40000.0,320.0,1206.0,155.0,313.0,108.0,176.0,454.0,155.0,313.0,108.0,100.0,76.0,220.0,886.0,28470.0,0.0
0:17:40,40000.0,40000.0,40000.0,40000.0,40000.0,40000.0,40000.0,40000.0,320.0,1206.0,155.0,313.0,108.0,176.0,454.0,155.0,313.0,108.0,100.0,76.0,220.0,886.0,28470.0,0.0
0:17:50,40000.0,40000.0,40000.0,40000.0,40000.0,40000.0,40000.0,40000.0,320.0,1206.0,155.0,313.0,108.0,176.0,454.0,155.0,313.0,108.0,100.0,76.0,220.0,886.0,28470.0,0.0
0:18:00,40000.0,40000.0,40000.0,40000.0,40000.0,40000.0,40000.0,40000.0,320.0,1206.0,155.0,313.0,108.0,176.0,454.0,155.0,313.0,108.0,100.0,76.0,220.0,886.0,28470.0,0.0
0:18:10,40000.0,40000.0,40000.0,40000.0,40000.0,40000.0,40000.0,40000.0,320.0,1206.0,155.0,313.0,108.0,176.0,454.0,155.0,313.0,108.0,100.0,76.0,220.0,886.0,28470.0,0.0
0:18:20,40000.0,40000.0,40000.0,40000.0,40000.0,40000.0,40000.0,40000.0,320.0,1206.0,155.0,313.0,108.0,176.0,454.0,155.0,313.0,108.0,100.0,76.0,220.0,886.0,28470.0,0.0
0:18:30,40000.0,40000.0,40000.0,40000.0,40000.0,40000.0,40000.0,40000.0,320.0,1206.0,155.0,313.0,108.0,176.0,454.0,155.0,313.0,108.0,100.0,76.0,220.0,886.0,28470.0,0.0
0:18:40,40000.0,40000.0,40000.0,40000.0,40000.0,40000.0,40000.0,40000.0,320.0,1206.0,155.0,313.0,108.0,176.0,454.0,155.0,313.0,108.0,100.0,76.0,220.0,886.0,28470.0,0.0
0:18:50,40000.0,40000.0,40000.0,40000.0,40000.0,40000.0,40000.0,40000.0,320.0,1206.0,155.0,313.0,108.0,176.0,454.0,155.0,313.0,108.0,100.0,76.0,220.0,886.0,28470.0,0.0
0:19:00,40000.0,40000.0,40000.0,40000.0,40000.0,40000.0,40000.0,40000.0,320.0,1206.0,155.0,313.0,108.0,176.0,454.0,155.0,313.0,108.0,100.0,76.0,220.0,886.0,28470.0,0.0
0:19:10,40000.0,40000.0,40000.0,40000.0,40000.0,40000.0,40000.0,40000.0,320.0,1206.0,155.0,313.0,108.0,176.0,454.0,155.0,313.0,108.0,100.0,76.0,220.0,886.0,28470.0,0.0
0:19:20,40000.0,40000.0,40000.0,40000.0,40000.0,40000.0,40000.0,40000.0,320.0,1206.0,155.0,313.0,108.0,176.0,454.0,155.0,313.0,108.0,100.0,76.0,220.0,886.0,28470.0,0.0
0:19:30,40000.0,40000.0,40000.0,40000.0,40000.0,40000.0,40000.0,40000.0,320.0,1206.0,155.0,313.0,108.0,176.0,454.0,155.0,313.0,108.0,100.0,76.0,220.0,886.0,28470.0,0.0
0:19:40,40000.0,40000.0,40000.0,40000.0,40000.0,40000.0,40000.0,40000.0,320.0,1206.0,155.0,313.0,108.0,176.0,454.0,155.0,313.0,108.0,100.0,76.0,220.0,886.0,28470.0,0.0
0:19:50,40000.0,40000.0,40000.0,40000.0,40000.0,40000.0,40000.0,40000.0,320.0,1206.0,155.0,313.0,108.0,176.0,454.0,155.0,313.0,108.0,100.0,76.0,220.0,886.0,28470.0,0.0
0:20:00,40000.0,40000.0,40000.0,40000.0,40000.0,40000.0,40000.0,40000.0,320.0,1206.0,155.0,313.0,108.0,176.0,454.0,155.0,313.0,108.0,100.0,76.0,220.0,886.0,28470.0,0.0
0:20:10,40000.0,40000.0,40000.0,40000.0,40000.0,40000.0,40000.0,40000.0,320.0,1206.0,155.0,313.0,108.0,176.0,454.0,155.0,313.0,108.0,100.0,76.0,220.0,886.0,28470.0,0.0
0:20:20,40000.0,40000.0,40000.0,40000.0,40000.0,40000.0,40000.0,40000.0,320.0,1206.0,155.0,313.0,108.0,176.0,454.0,155.0,313.0,108.0,100.0,76.0,220.0,886.0,28470.0,0.0
0:20:30,40000.0,40000.0,40000.0,40000.0,40000.0,40000.0,40000.0,40000.0,320.0,1206.0,155.0,313.0,108.0,176.0,454.0,155.0,313.0,108.0,100.0,76.0,220.0,886.0,28470.0,0.0
0:20:40,40000.0,40000.0,40000.0,40000.0,40000.0,40000.0,40000.0,40000.0,320.0,1206.0,155.0,313.0,108.0,176.0,454.0,155.0,313.0,108.0,100.0,76.0,220.0,886.0,28470.0,0.0
0:20:50,40000.0,40000.0,40000.0,40000.0,40000.0,40000.0,40000.0,40000.0,320.0,1206.0,155.0,313.0,108.0,176.0,454.0,155.0,313.0,108.0,100.0,76.0,220.0,886.0,28470.0,0.0
0:21:00,40000.0,40000.0,40000.0,40000.0,40000.0,40000.0,40000.0,40000.0,320.0,1206.0,155.0,313.0,108.0,176.0,454.0,155.0,313.0,108.0,100.0,76.0,220.0,886.0,28470.0,0.0
0:21:10,40000.0,40000.0,40000.0,40000.0,40000.0,40000.0,40000.0,40000.0,320.0,1206.0,155.0,313.0,108.0,176.0,454.0,155.0,313.0,108.0,100.0,76.0,220.0,886.0,28470.0,0.0
0:21:20,40000.0,40000.0,40000.0,40000.0,40000.0,40000.0,40000.0,40000.0,320.0,1206.0,155.0,313.0,108.0,176.0,454.0,155.0,313.0,108.0,100.0,76.0,220.0,886.0,28470.0,0.0
0:21:30,40000.0,40000.0,40000.0,40000.0,40000.0,40000.0,40000.0,40000.0,320.0,1206.0,155.0,313.0,108.0,176.0,454.0,155.0,313.0,108.0,100.0,76.0,220.0,886.0,28470.0,0.0
0:21:40,40000.0,40000.0,40000.0,40000.0,40000.0,40000.0,40000.0,40000.0,320.0,1206.0,155.0,313.0,108.0,176.0,454.0,155.0,313.0,108.0,100.0,76.0,220.0,886.0,28470.0,0.0
0:21:50,40000.0,40000.0,40000.0,40000.0,40000.0,40000.0,40000.0,40000.0,320.0,1206.0,155.0,313.0,108.0,176.0,454.0,155.0,313.0,108.0,100.0,76.0,220.0,886.0,28470.0,0.0
0:22:00,40000.0,40000.0,40000.0,40000.0,40000.0,40000.0,40000.0,40000.0,320.0,1206.0,155.0,313.0,108.0,176.0,454.0,155.0,313.0,108.0,100.0,76.0,220.0,886.0,28470.0,0.0
0:22:10,40000.0,40000.0,40000.0,40000.0,40000.0,40000.0,40000.0,40000.0,320.0,1206.0,155.0,313.0,108.0,176.0,454.0,155.0,313.0,108.0,100.0,76.0,220.0,886.0,28470.0,0.0
0:22:20,40000.0,40000.0,40000.0,40000.0,40000.0,40000.0,40000.0,40000.0,320.0,1206.0,155.0,313.0,108.0,176.0,454.0,155.0,313.0,108.0,100.0,76.0,220.0,886.0,28470.0,0.0
0:22:30,40000.0,40000.0,40000.0,40000.0,40000.0,40000.0,40000.0,40000.0,320.0,1206.0,155.0,313.0,108.0,176.0,454.0,155.0,313.0,108.0,100.0,76.0,220.0,886.0,28470.0,0.0
0:22:40,40000.0,40000.0,40000.0,40000.0,40000.0,40000.0,40000.0,40000.0,320.0,1206.0,155.0,313.0,108.0,176.0,454.0,155.0,313.0,108.0,100.0,76.0,220.0,886.0,28470.0,0.0
0:22:50,40000.0,40000.0,40000.0,40000.0,40000.0,40000.0,40000.0,40000.0,320.0,1206.0,155.0,313.0,108.0,176.0,454.0,155.0,313.0,108.0,100.0,76.0,220.0,886.0,28470.0,0.0
0:23:00,40000.0,40000.0,40000.0,40000.0,40000.0,40000.0,40000.0,40000.0,320.0,1206.0,155.0,313.0,108.0,176.0,454.0,155.0,313.0,108.0,100.0,76.0,220.0,886.0,28470.0,0.0
0:23:10,40000.0,40000.0,40000.0,40000.0,40000.0,40000.0,40000.0,40000.0,320.0,1206.0,155.0,313.0,108.0,176.0,454.0,155.0,313.0,108.0,100.0,76.0,220.0,886.0,28470.0,0.0
0:23:20,40000.0,40000.0,40000.0,40000.0,40000.0,40000.0,40000.0,40000.0,320.0,1206.0,155.0,313.0,108.0,176.0,454.0,155.0,313.0,108.0,100.0,76.0,220.0,886.0,28470.0,0.0
0:23:30,40000.0,40000.0,40000.0,40000.0,40000.0,40000.0,40000.0,40000.0,320.0,1206.0,155.0,313.0,108.0,176.0,454.0,155.0,313.0,108.0,100.0,76.0,220.0,886.0,28470.0,0.0
0:23:40,40000.0,40000.0,40000.0,40000.0,40000.0,40000.0,40000.0,40000.0,320.0,1206.0,155.0,313.0,108.0,176.0,454.0,155.0,313.0,108.0,100.0,76.0,220.0,886.0,28470.0,0.0
0:23:50,40000.0,40000.0,40000.0,40000.0,40000.0,40000.0,40000.0,40000.0,320.0,1206.0,155.0,313.0,108.0,176.0,454.0,155.0,313.0,108.0,100.0,76.0,220.0,886.0,28470.0,0.0
0:24:00,40000.0,40000.0,40000.0,40000.0,40000.0,40000.0,40000.0,40000.0,320.0,1206.0,155.0,313.0,108.0,176.0,454.0,155.0,313.0,108.0,100.0,76.0,220.0,886.0,28470.0,0.0
0:24:10,40000.0,40000.0,40000.0,40000.0,40000.0,40000.0,40000.0,40000.0,320.0,1206.0,155.0,313.0,108.0,176.0,454.0,155.0,313.0,108.0,100.0,76.0,220.0,886.0,28470.0,0.0
0:24:20,40000.0,40000.0,40000.0,40000.0,40000.0,40000.0,40000.0,40000.0,320.0,1206.0,155.0,313.0,108.0,176.0,454.0,155.0,313.0,108.0,100.0,76.0,220.0,886.0,28470.0,0.0
0:24:30,40000.0,40000.0,40000.0,40000.0,40000.0,40000.0,40000.0,40000.0,320.0,1206.0,155.0,313.0,108.0,176.0,454.0,155.0,313.0,108.0,100.0,76.0,220.0,886.0,28470.0,0.0
0:24:40,40000.0,40000.0,40000.0,40000.0,40000.0,40000.0,40000.0,40000.0,320.0,1206.0,155.0,313.0,108.0,176.0,454.0,155.0,313.0,108.0,100.0,76.0,220.0,886.0,28470.0,0.0
0:24:50,40000.0,40000.0,40000.0,40000.0,40000.0,40000.0,40000.0,40000.0,320.0,1206.0,155.0,313.0,108.0,176.0,454.0,155.0,313.0,108.0,100.0,76.0,220.0,886.0,28470.0,0.0
0:25:00,40000.0,40000.0,40000.0,40000.0,40000.0,40000.0,40000.0,40000.0,320.0,1206.0,155.0,313.0,108.0,176.0,454.0,155.0,313.0,108.0,100.0,76.0,220.0,886.0,28470.0,0.0
0:25:10,40000.0,40000.0,40000.0,40000.0,40000.0,40000.0,40000.0,40000.0,320.0,1206.0,155.0,313.0,108.0,176.0,454.0,155.0,313.0,108.0,100.0,76.0,220.0,886.0,28470.0,0.0
0:25:20,40000.0,40000.0,40000.0,40000.0,40000.0,40000.0,40000.0,40000.0,320.0,1206.0,155.0,313.0,108.0,176.0,454.0,155.0,313.0,108.0,100.0,76.0,220.0,886.0,28470.0,0.0
0:25:30,40000.0,40000.0,40000.0,40000.0,40000.0,40000.0,40000.0,40000.0,320.0,1206.0,155.0,313.0,108.0,176.0,454.0,155.0,313.0,108.0,100.0,76.0,220.0,886.0,28470.0,0.0
0:25:40,40000.0,40000.0,40000.0,40000.0,40000.0,40000.0,40000.0,40000.0,320.0,1206.0,155.0,313.0,108.0,176.0,454.0,155.0,313.0,108.0,100.0,76.0,220.0,886.0,28470.0,0.0
0:25:50,40000.0,40000.0,40000.0,40000.0,40000.0,40000.0,40000.0,40000.0,320.0,1206.0,155.0,313.0,108.0,176.0,454.0,155.0,313.0,108.0,100.0,76.0,220.0,886.0,28470.0,0.0
0:26:00,40000.0,40000.0,40000.0,40000.0,40000.0,40000.0,40000.0,40000.0,320.0,1206.0,155.0,313.0,108.0,176.0,454.0,155.0,313.0,108.0,100.0,76.0,220.0,886.0,28470.0,0.0
0:26:10,40000.0,40000.0,40000.0,40000.0,40000.0,40000.0,40000.0,40000.0,320.0,1206.0,155.0,313.0,108.0,176.0,454.0,155.0,313.0,108.0,100.0,76.0,220.0,886.0,28470.0,0.0
0:26:20,40000.0,40000.0,40000.0,40000.0,40000.0,40000.0,40000.0,40000.0,320.0,1206.0,155.0,313.0,108.0,176.0,454.0,155.0,313.0,108.0,100.0,76.0,220.0,886.0,28470.0,0.0
0:26:30,40000.0,40000.0,40000.0,40000.0,40000.0,40000.0,40000.0,40000.0,320.0,1206.0,155.0,313.0,108.0,176.0,454.0,155.0,313.0,108.0,100.0,76.0,220.0,886.0,28470.0,0.0
0:26:40,40000.0,40000.0,40000.0,40000.0,40000.0,40000.0,40000.0,40000.0,320.0,1206.0,155.0,313.0,108.0,176.0,454.0,155.0,313.0,108.0,100.0,76.0,220.0,886.0,28470.0,0.0
0:26:50,40000.0,40000.0,40000.0,40000.0,40000.0,40000.0,40000.0,40000.0,320.0,1206.0,155.0,313.0,108.0,176.0,454.0,155.0,313.0,108.0,100.0,76.0,220.0,886.0,28470.0,0.0
0:27:00,40000.0,40000.0,40000.0,40000.0,40000.0,40000.0,40000.0,40000.0,320.0,1206.0,155.0,313.0,108.0,176.0,454.0,155.0,313.0,108.0,100.0,76.0,220.0,886.0,28470.0,0.0
0:27:10,40000.0,40000.0,40000.0,40000.0,40000.0,40000.0,40000.0,40000.0,320.0,1206.0,155.0,313.0,108.0,176.0,454.0,155.0,313.0,108.0,100.0,76.0,220.0,886.0,28470.0,0.0
0:27:20,40000.0,40000.0,40000.0,40000.0,40000.0,40000.0,40000.0,40000.0,320.0,1206.0,155.0,313.0,108.0,176.0,454.0,155.0,313.0,108.0,100.0,76.0,220.0,886.0,28470.0,0.0
0:27:30,40000.0,40000.0,40000.0,40000.0,40000.0,40000.0,40000.0,40000.0,320.0,1206.0,155.0,313.0,108.0,176.0,454.0,155.0,313.0,108.0,100.0,76.0,220.0,886.0,28470.0,0.0
0:27:40,40000.0,40000.0,40000.0,40000.0,40000.0,40000.0,40000.0,40000.0,320.0,1206.0,155.0,313.0,108.0,176.0,454.0,155.0,313.0,108.0,100.0,76.0,220.0,886.0,28470.0,0.0
0:27:50,40000.0,40000.0,40000.0,40000.0,40000.0,40000.0,40000.0,40000.0,320.0,1206.0,155.0,313.0,108.0,176.0,454.0,155.0,313.0,108.0,100.0,76.0,220.0,886.0,28470.0,0.0
0:28:00,40000.0,40000.0,40000.0,40000.0,40000.0,40000.0,40000.0,40000.0,320.0,1206.0,155.0,313.0,108.0,176.0,454.0,155.0,313.0,108.0,100.0,76.0,220.0,886.0,28470.0,0.0
0:28:10,40000.0,40000.0,40000.0,40000.0,40000.0,40000.0,40000.0,40000.0,320.0,1206.0,155.0,313.0,108.0,176.0,454.0,155.0,313.0,108.0,100.0,76.0,220.0,886.0,28470.0,0.0
0:28:20,40000.0,40000.0,40000.0,40000.0,40000.0,40000.0,40000.0,40000.0,320.0,1206.0,155.0,313.0,108.0,176.0,454.0,155.0,313.0,108.0,100.0,76.0,220.0,886.0,28470.0,0.0
0:28:30,40000.0,40000.0,40000.0,40000.0,40000.0,40000.0,40000.0,40000.0,320.0,1206.0,155.0,313.0,108.0,176.0,454.0,155.0,313.0,108.0,100.0,76.0,220.0,886.0,28470.0,0.0
0:28:40,40000.0,40000.0,40000.0,40000.0,40000.0,40000.0,40000.0,40000.0,320.0,1206.0,155.0,313.0,108.0,176.0,454.0,155.0,313.0,108.0,100.0,76.0,220.0,886.0,28470.0,0.0
0:28:50,40000.0,40000.0,40000.0,40000.0,40000.0,40000.0,40000.0,40000.0,320.0,1206.0,155.0,313.0,108.0,176.0,454.0,155.0,313.0,108.0,100.0,76.0,220.0,886.0,28470.0,0.0
0:29:00,40000.0,40000.0,40000.0,40000.0,40000.0,40000.0,40000.0,40000.0,320.0,1206.0,155.0,313.0,108.0,176.0,454.0,155.0,313.0,108.0,100.0,76.0,220.0,886.0,28470.0,0.0
0:29:10,40000.0,40000.0,40000.0,40000.0,40000.0,40000.0,40000.0,40000.0,320.0,1206.0,155.0,313.0,108.0,176.0,454.0,155.0,313.0,108.0,100.0,76.0,220.0,886.0,28470.0,0.0
0:29:20,40000.0,40000.0,40000.0,40000.0,40000.0,40000.0,40000.0,40000.0,320.0,1206.0,155.0,313.0,108.0,176.0,454.0,155.0,313.0,108.0,100.0,76.0,220.0,886.0,28470.0,0.0
0:29:30,40000.0,40000.0,40000.0,40000.0,40000.0,40000.0,40000.0,40000.0,320.0,1206.0,155.0,313.0,108.0,176.0,454.0,155.0,313.0,108.0,100.0,76.0,220.0,886.0,28470.0,0.0
0:29:40,40000.0,40000.0,40000.0,40000.0,40000.0,40000.0,40000.0,40000.0,320.0,1206.0,155.0,313.0,108.0,176.0,454.0,155.0,313.0,108.0,100.0,76.0,220.0,886.0,28470.0,0.0
0:29:50,40000.0,40000.0,40000.0,40000.0,40000.0,40000.0,40000.0,40000.0,320.0,1206.0,155.0,313.0,108.0,176.0,454.0,155.0,313.0,108.0,100.0,76.0,220.0,886.0,28470.0,0.0
0:30:00,40000.0,40000.0,40000.0,40000.0,40000.0,40000.0,40000.0,40000.0,320.0,1206.0,155.0,313.0,108.0,176.0,454.0,155.0,313.0,108.0,100.0,76.0,220.0,886.0,0.0,0.0
0:30:10,40000.0,40000.0,40000.0,40000.0,40000.0,40000.0,40000.0,40000.0,320.0,1206.0,155.0,313.0,108.0,176.0,454.0,155.0,313.0,108.0,100.0,76.0,220.0,886.0,0.0,0.0
0:30:20,40000.0,40000.0,40000.0,40000.0,40000.0,40000.0,40000.0,40000.0,320.0,1206.0,155.0,313.0,108.0,176.0,454.0,155.0,313.0,108.0,100.0,76.0,220.0,886.0,0.0,0.0
0:30:30,40000.0,40000.0,40000.0,40000.0,40000.0,40000.0,40000.0,40000.0,320.0,1206.0,155.0,313.0,108.0,176.0,454.0,155.0,313.0,108.0,100.0,76.0,220.0,886.0,0.0,0.0
0:30:40,40000.0,40000.0,40000.0,40000.0,40000.0,40000.0,40000.0,40000.0,320.0,1206.0,155.0,313.0,108.0,176.0,454.0,155.0,313.0,108.0,100.0,76.0,220.0,886.0,0.0,0.0
0:30:50,40000.0,40000.0,40000.0,40000.0,40000.0,40000.0,40000.0,40000.0,320.0,1206.0,155.0,313.0,108.0,176.0,454.0,155.0,313.0,108.0,100.0,76.0,220.0,886.0,0.0,0.0
0:31:00,40000.0,40000.0,40000.0,40000.0,40000.0,40000.0,40000.0,40000.0,320.0,1206.0,155.0,313.0,108.0,176.0,454.0,155.0,313.0,108.0,100.0,76.0,220.0,886.0,0.0,0.0
0:31:10,40000.0,40000.0,40000.0,40000.0,40000.0,40000.0,40000.0,40000.0,320.0,1206.0,155.0,313.0,108.0,176.0,454.0,155.0,313.0,108.0,100.0,76.0,220.0,886.0,0.0,0.0
0:31:20,40000.0,40000.0,40000.0,40000.0,40000.0,40000.0,40000.0,40000.0,320.0,1206.0,155.0,313.0,108.0,176.0,454.0,155.0,313.0,108.0,100.0,76.0,220.0,886.0,0.0,0.0
0:31:30,40000.0,40000.0,40000.0,40000.0,40000.0,40000.0,40000.0,40000.0,320.0,1206.0,155.0,313.0,108.0,176.0,454.0,155.0,313.0,108.0,100.0,76.0,220.0,886.0,0.0,0.0
0:31:40,40000.0,40000.0,40000.0,40000.0,40000.0,40000.0,40000.0,40000.0,320.0,1206.0,155.0,313.0,108.0,176.0,454.0,155.0,313.0,108.0,100.0,76.0,220.0,886.0,0.0,0.0
0:31:50,40000.0,40000.0,40000.0,40000.0,40000.0,40000.0,40000.0,40000.0,320.0,1206.0,155.0,313.0,108.0,176.0,454.0,155.0,313.0,108.0,100.0,76.0,220.0,886.0,0.0,0.0
0:32:00,40000.0,40000.0,40000.0,40000.0,40000.0,40000.0,40000.0,40000.0,320.0,1206.0,155.0,313.0,108.0,176.0,454.0,155.0,313.0,108.0,100.0,76.0,220.0,886.0,0.0,0.0
0:32:10,40000.0,40000.0,40000.0,40000.0,40000.0,40000.0,40000.0,40000.0,320.0,1206.0,155.0,313.0,108.0,176.0,454.0,155.0,313.0,108.0,100.0,76.0,220.0,886.0,0.0,0.0
0:32:20,40000.0,40000.0,40000.0,40000.0,40000.0,40000.0,40000.0,40000.0,320.0,1206.0,155.0,313.0,108.0,176.0,454.0,155.0,313.0,108.0,100.0,76.0,220.0,886.0,0.0,0.0
0:32:30,40000.0,40000.0,40000.0,40000.0,40000.0,40000.0,40000.0,40000.0,320.0,1206.0,155.0,313.0,108.0,176.0,454.0,155.0,313.0,108.0,100.0,76.0,220.0,886.0,0.0,0.0
0:32:40,40000.0,40000.0,40000.0,40000.0,40000.0,40000.0,40000.0,40000.0,320.0,1206.0,155.0,313.0,108.0,176.0,454.0,155.0,313.0,108.0,100.0,76.0,220.0,886.0,0.0,0.0
0:32:50,40000.0,40000.0,40000.0,40000.0,40000.0,40000.0,40000.0,40000.0,320.0,1206.0,155.0,313.0,108.0,176.0,454.0,155.0,313.0,108.0,100.0,76.0,220.0,886.0,0.0,0.0
0:33:00,40000.0,40000.0,40000.0,40000.0,40000.0,40000.0,40000.0,40000.0,320.0,1206.0,155.0,313.0,108.0,176.0,454.0,155.0,313.0,108.0,100.0,76.0,220.0,886.0,0.0,0.0
0:33:10,40000.0,40000.0,40000.0,40000.0,40000.0,40000.0,40000.0,40000.0,320.0,1206.0,155.0,313.0,108.0,176.0,454.0,155.0,313.0,108.0,100.0,76.0,220.0,886.0,0.0,0.0
0:33:20,40000.0,40000.0,40000.0,40000.0,40000.0,40000.0,40000.0,40000.0,320.0,1206.0,155.0,313.0,108.0,176.0,454.0,155.0,313.0,108.0,100.0,76.0,220.0,886.0,0.0,0.0
0:33:30,40000.0,40000.0,40000.0,40000.0,40000.0,40000.0,40000.0,40000.0,320.0,1206.0,155.0,313.0,108.0,176.0,454.0,155.0,313.0,108.0,100.0,76.0,220.0,886.0,0.0,0.0
0:33:40,40000.0,40000.0,40000.0,40000.0,40000.0,40000.0,40000.0,40000.0,320.0,1206.0,155.0,313.0,108.0,176.0,454.0,155.0,313.0,108.0,100.0,76.0,220.0,886.0,0.0,0.0
0:33:50,40000.0,40000.0,40000.0,40000.0,40000.0,40000.0,40000.0,40000.0,320.0,1206.0,155.0,313.0,108.0,176.0,454.0,155.0,313.0,108.0,100.0,76.0,220.0,886.0,0.0,0.0
0:34:00,40000.0,40000.0,40000.0,40000.0,40000.0,40000.0,40000.0,40000.0,320.0,1206.0,155.0,313.0,108.0,176.0,454.0,155.0,313.0,108.0,100.0,76.0,220.0,886.0,0.0,0.0
0:34:10,40000.0,40000.0,40000.0,40000.0,40000.0,40000.0,40000.0,40000.0,320.0,1206.0,155.0,313.0,108.0,176.0,454.0,155.0,313.0,108.0,100.0,76.0,220.0,886.0,0.0,0.0
0:34:20,40000.0,40000.0,40000.0,40000.0,40000.0,40000.0,40000.0,40000.0,320.0,1206.0,155.0,313.0,108.0,176.0,454.0,155.0,313.0,108.0,100.0,76.0,220.0,886.0,0.0,0.0
0:34:30,40000.0,40000.0,40000.0,40000.0,40000.0,40000.0,40000.0,40000.0,320.0,1206.0,155.0,313.0,108.0,176.0,454.0,155.0,313.0,108.0,100.0,76.0,220.0,886.0,0.0,0.0
0:34:40,40000.0,40000.0,40000.0,40000.0,40000.0,40000.0,40000.0,40000.0,320.0,1206.0,155.0,313.0,108.0,176.0,454.0,155.0,313.0,108.0,100.0,76.0,220.0,886.0,0.0,0.0
0:34:50,40000.0,40000.0,40000.0,40000.0,40000.0,40000.0,40000.0,40000.0,320.0,1206.0,155.0,313.0,108.0,176.0,454.0,155.0,313.0,108.0,100.0,76.0,220.0,886.0,0.0,0.0
0:35:00,40000.0,40000.0,40000.0,40000.0,40000.0,40000.0,40000.0,40000.0,320.0,1206.0,155.0,313.0,108.0,176.0,454.0,155.0,313.0,108.0,100.0,76.0,220.0,886.0,0.0,0.0
0:35:10,40000.0,40000.0,40000.0,40000.0,40000.0,40000.0,40000.0,40000.0,320.0,1206.0,155.0,313.0,108.0,176.0,454.0,155.0,313.0,108.0,100.0,76.0,220.0,886.0,0.0,0.0
0:35:20,40000.0,40000.0,40000.0,40000.0,40000.0,40000.0,40000.0,40000.0,320.0,1206.0,155.0,313.0,108.0,176.0,454.0,155.0,313.0,108.0,100.0,76.0,220.0,886.0,0.0,0.0
0:35:30,40000.0,40000.0,40000.0,40000.0,40000.0,40000.0,40000.0,40000.0,320.0,1206.0,155.0,313.0,108.0,176.0,454.0,155.0,313.0,108.0,100.0,76.0,220.0,886.0,0.0,0.0
0:35:40,40000.0,40000.0,40000.0,40000.0,40000.0,40000.0,40000.0,40000.0,320.0,1206.0,155.0,313.0,108.0,176.0,454.0,155.0,313.0,108.0,100.0,76.0,220.0,886.0,0.0,0.0
0:35:50,40000.0,40000.0,40000.0,40000.0,40000.0,40000.0,40000.0,40000.0,320.0,1206.0,155.0,313.0,108.0,176.0,454.0,155.0,313.0,108.0,100.0,76.0,220.0,886.0,0.0,0.0
0:36:00,40000.0,40000.0,40000.0,40000.0,40000.0,40000.0,40000.0,40000.0,320.0,1206.0,155.0,313.0,108.0,176.0,454.0,155.0,313.0,108.0,100.0,76.0,220.0,886.0,0.0,0.0
0:36:10,40000.0,40000.0,40000.0,40000.0,40000.0,40000.0,40000.0,40000.0,320.0,1206.0,155.0,313.0,108.0,176.0,454.0,155.0,313.0,108.0,100.0,76.0,220.0,886.0,0.0,0.0
0:36:20,40000.0,40000.0,40000.0,40000.0,40000.0,40000.0,40000.0,40000.0,320.0,1206.0,155.0,313.0,108.0,176.0,454.0,155.0,313.0,108.0,100.0,76.0,220.0,886.0,0.0,0.0
0:36:30,40000.0,40000.0,40000.0,40000.0,40000.0,40000.0,40000.0,40000.0,320.0,1206.0,155.0,313.0,108.0,176.0,454.0,155.0,313.0,108.0,100.0,76.0,220.0,886.0,0.0,0.0
0:36:40,40000.0,40000.0,40000.0,40000.0,40000.0,40000.0,40000.0,40000.0,320.0,1206.0,155.0,313.0,108.0,176.0,454.0,155.0,313.0,108.0,100.0,76.0,220.0,886.0,0.0,0.0
0:36:50,40000.0,40000.0,40000.0,40000.0,40000.0,40000.0,40000.0,40000.0,320.0,1206.0,155.0,313.0,108.0,176.0,454.0,155.0,313.0,108.0,100.0,76.0,220.0,886.0,0.0,0.0
0:37:00,40000.0,40000.0,40000.0,40000.0,40000.0,40000.0,40000.0,40000.0,320.0,1206.0,155.0,313.0,108.0,176.0,454.0,155.0,313.0,108.0,100.0,76.0,220.0,886.0,0.0,0.0
0:37:10,40000.0,40000.0,40000.0,40000.0,40000.0,40000.0,40000.0,40000.0,320.0,1206.0,155.0,313.0,108.0,176.0,454.0,155.0,313.0,108.0,100.0,76.0,220.0,886.0,0.0,0.0
0:37:20,40000.0,40000.0,40000.0,40000.0,40000.0,40000.0,40000.0,40000.0,320.0,1206.0,155.0,313.0,108.0,176.0,454.0,155.0,313.0,108.0,100.0,76.0,220.0,886.0,0.0,0.0
0:37:30,40000.0,40000.0,40000.0,40000.0,40000.0,40000.0,40000.0,40000.0,320.0,1206.0,155.0,313.0,108.0,176.0,454.0,155.0,313.0,108.0,100.0,76.0,220.0,886.0,0.0,0.0
0:37:40,40000.0,40000.0,40000.0,40000.0,40000.0,40000.0,40000.0,40000.0,320.0,1206.0,155.0,313.0,108.0,176.0,454.0,155.0,313.0,108.0,100.0,76.0,220.0,886.0,0.0,0.0
0:37:50,40000.0,40000.0,40000.0,40000.0,40000.0,40000.0,40000.0,40000.0,320.0,1206.0,155.0,313.0,108.0,176.0,454.0,155.0,313.0,108.0,100.0,76.0,220.0,886.0,0.0,0.0
0:38:00,40000.0,40000.0,40000.0,40000.0,40000.0,40000.0,40000.0,40000.0,320.0,1206.0,155.0,313.0,108.0,176.0,454.0,155.0,313.0,108.0,100.0,76.0,220.0,886.0,0.0,0.0
0:38:10,40000.0,40000.0,40000.0,40000.0,40000.0,40000.0,40000.0,40000.0,320.0,1206.0,155.0,313.0,108.0,176.0,454.0,155.0,313.0,108.0,100.0,76.0,220.0,886.0,0.0,0.0
0:38:20,40000.0,40000.0,40000.0,40000.0,40000.0,40000.0,40000.0,40000.0,320.0,1206.0,155.0,313.0,108.0,176.0,454.0,155.0,313.0,108.0,100.0,76.0,220.0,886.0,0.0,0.0
0:38:30,40000.0,40000.0,40000.0,40000.0,40000.0,40000.0,40000.0,40000.0,320.0,1206.0,155.0,313.0,108.0,176.0,454.0,155.0,313.0,108.0,100.0,76.0,220.0,886.0,0.0,0.0
0:38:40,40000.0,40000.0,40000.0,40000.0,40000.0,40000.0,40000.0,40000.0,320.0,1206.0,155.0,313.0,108.0,176.0,454.0,155.0,313.0,108.0,100.0,76.0,220.0,886.0,0.0,0.0
0:38:50,40000.0,40000.0,40000.0,40000.0,40000.0,40000.0,40000.0,40000.0,320.0,1206.0,155.0,313.0,108.0,176.0,454.0,155.0,313.0,108.0,100.0,76.0,220.0,886.0,0.0,0.0
0:39:00,40000.0,40000.0,40000.0,40000.0,40000.0,40000.0,40000.0,40000.0,320.0,1206.0,155.0,313.0,108.0,176.0,454.0,155.0,313.0,108.0,100.0,76.0,220.0,886.0,0.0,0.0
0:39:10,40000.0,40000.0,40000.0,40000.0,40000.0,40000.0,40000.0,40000.0,320.0,1206.0,155.0,313.0,108.0,176.0,454.0,155.0,313.0,108.0,100.0,76.0,220.0,886.0,0.0,0.0
0:39:20,40000.0,40000.0,40000.0,40000.0,40000.0,40000.0,40000.0,40000.0,320.0,1206.0,155.0,313.0,108.0,176.0,454.0,155.0,313.0,108.0,100.0,76.0,220.0,886.0,0.0,0.0
0:39:30,40000.0,40000.0,40000.0,40000.0,40000.0,40000.0,40000.0,40000.0,320.0,1206.0,155.0,313.0,108.0,176.0,454.0,155.0,313.0,108.0,100.0,76.0,220.0,886.0,0.0,0.0
0:39:40,40000.0,40000.0,40000.0,40000.0,40000.0,40000.0,40000.0,40000.0,320.0,1206.0,155.0,313.0,108.0,176.0,454.0,155.0,313.0,108.0,100.0,76.0,220.0,886.0,0.0,0.0
0:39:50,40000.0,40000.0,40000.0,40000.0,40000.0,40000.0,40000.0,40000.0,320.0,1206.0,155.0,313.0,108.0,176.0,454.0,155.0,313.0,108.0,100.0,76.0,220.0,886.0,0.0,0.0
0:40:00,40000.0,40000.0,40000.0,40000.0,40000.0,40000.0,40000.0,40000.0,320.0,1206.0,155.0,313.0,108.0,176.0,454.0,155.0,313.0,108.0,100.0,76.0,220.0,886.0,0.0,0.9
0:40:10,40000.0,40000.0,40000.0,40000.0,40000.0,40000.0,40000.0,40000.0,320.0,1206.0,155.0,313.0,108.0,176.0,454.0,155.0,313.0,108.0,100.0,76.0,220.0,886.0,0.0,0.9
0:40:20,40000.0,40000.0,40000.0,40000.0,40000.0,40000.0,40000.0,40000.0,320.0,1206.0,155.0,313.0,108.0,176.0,454.0,155.0,313.0,108.0,100.0,76.0,220.0,886.0,0.0,0.9
0:40:30,40000.0,40000.0,40000.0,40000.0,40000.0,40000.0,40000.0,40000.0,320.0,1206.0,155.0,313.0,108.0,176.0,454.0,155.0,313.0,108.0,100.0,76.0,220.0,886.0,0.0,0.9
0:40:40,40000.0,40000.0,40000.0,40000.0,40000.0,40000.0,40000.0,40000.0,320.0,1206.0,155.0,313.0,108.0,176.0,454.0,155.0,313.0,108.0,100.0,76.0,220.0,886.0,0.0,0.9
0:40:50,40000.0,40000.0,40000.0,40000.0,40000.0,40000.0,40000.0,40000.0,320.0,1206.0,155.0,313.0,108.0,176.0,454.0,155.0,313.0,108.0,100.0,76.0,220.0,886.0,0.0,0.9
0:41:00,40000.0,40000.0,40000.0,40000.0,40000.0,40000.0,40000.0,40000.0,320.0,1206.0,155.0,313.0,108.0,176.0,454.0,155.0,313.0,108.0,100.0,76.0,220.0,886.0,0.0,0.9
0:41:10,40000.0,40000.0,40000.0,40000.0,40000.0,40000.0,40000.0,40000.0,320.0,1206.0,155.0,313.0,108.0,176.0,454.0,155.0,313.0,108.0,100.0,76.0,220.0,886.0,0.0,0.9
0:41:20,40000.0,40000.0,40000.0,40000.0,40000.0,40000.0,40000.0,40000.0,320.0,1206.0,155.0,313.0,108.0,176.0,454.0,155.0,313.0,108.0,100.0,76.0,220.0,886.0,0.0,0.9
0:41:30,40000.0,40000.0,40000.0,40000.0,40000.0,40000.0,40000.0,40000.0,320.0,1206.0,155.0,313.0,108.0,176.0,454.0,155.0,313.0,108.0,100.0,76.0,220.0,886.0,0.0,0.9
0:41:40,40000.0,40000.0,40000.0,40000.0,40000.0,40000.0,40000.0,40000.0,320.0,1206.0,155.0,313.0,108.0,176.0,454.0,155.0,313.0,108.0,100.0,76.0,220.0,886.0,0.0,0.9
0:41:50,40000.0,40000.0,40000.0,40000.0,40000.0,40000.0,40000.0,40000.0,320.0,1206.0,155.0,313.0,108.0,176.0,454.0,155.0,313.0,108.0,100.0,76.0,220.0,886.0,0.0,0.9
0:42:00,40000.0,40000.0,40000.0,40000.0,40000.0,40000.0,40000.0,40000.0,320.0,1206.0,155.0,313.0,108.0,176.0,454.0,155.0,313.0,108.0,100.0,76.0,220.0,886.0,0.0,0.9
0:42:10,40000.0,40000.0,40000.0,40000.0,40000.0,40000.0,40000.0,40000.0,320.0,1206.0,155.0,313.0,108.0,176.0,454.0,155.0,313.0,108.0,100.0,76.0,220.0,886.0,0.0,0.9
0:42:20,40000.0,40000.0,40000.0,40000.0,40000.0,40000.0,40000.0,40000.0,320.0,1206.0,155.0,313.0,108.0,176.0,454.0,155.0,313.0,108.0,100.0,76.0,220.0,886.0,0.0,0.9
0:42:30,40000.0,40000.0,40000.0,40000.0,40000.0,40000.0,40000.0,40000.0,320.0,1206.0,155.0,313.0,108.0,176.0,454.0,155.0,313.0,108.0,100.0,76.0,220.0,886.0,0.0,0.9
0:42:40,40000.0,40000.0,40000.0,40000.0,40000.0,40000.0,40000.0,40000.0,320.0,1206.0,155.0,313.0,108.0,176.0,454.0,155.0,313.0,108.0,100.0,76.0,220.0,886.0,0.0,0.9
0:42:50,40000.0,40000.0,40000.0,40000.0,40000.0,40000.0,40000.0,40000.0,320.0,1206.0,155.0,313.0,108.0,176.0,454.0,155.0,313.0,108.0,100.0,76.0,220.0,886.0,0.0,0.9
0:43:00,40000.0,40000.0,40000.0,40000.0,40000.0,40000.0,40000.0,40000.0,320.0,1206.0,155.0,313.0,108.0,176.0,454.0,155.0,313.0,108.0,100.0,76.0,220.0,886.0,0.0,0.9
0:43:10,40000.0,40000.0,40000.0,40000.0,40000.0,40000.0,40000.0,40000.0,320.0,1206.0,155.0,313.0,108.0,176.0,454.0,155.0,313.0,108.0,100.0,76.0,220.0,886.0,0.0,0.9
0:43:20,40000.0,40000.0,40000.0,40000.0,40000.0,40000.0,40000.0,40000.0,320.0,1206.0,155.0,313.0,108.0,176.0,454.0,155.0,313.0,108.0,100.0,76.0,220.0,886.0,0.0,0.9
0:43:30,40000.0,40000.0,40000.0,40000.0,40000.0,40000.0,40000.0,40000.0,320.0,1206.0,155.0,313.0,108.0,176.0,454.0,155.0,313.0,108.0,100.0,76.0,220.0,886.0,0.0,0.9
0:43:40,40000.0,40000.0,40000.0,40000.0,40000.0,40000.0,40000.0,40000.0,320.0,1206.0,155.0,313.0,108.0,176.0,454.0,155.0,313.0,108.0,100.0,76.0,220.0,886.0,0.0,0.9
0:43:50,40000.0,40000.0,40000.0,40000.0,40000.0,40000.0,40000.0,40000.0,320.0,1206.0,155.0,313.0,108.0,176.0,454.0,155.0,313.0,108.0,100.0,76.0,220.0,886.0,0.0,0.9
0:44:00,40000.0,40000.0,40000.0,40000.0,40000.0,40000.0,40000.0,40000.0,320.0,1206.0,155.0,313.0,108.0,176.0,454.0,155.0,313.0,108.0,100.0,76.0,220.0,886.0,0.0,0.9
0:44:10,40000.0,40000.0,40000.0,40000.0,40000.0,40000.0,40000.0,40000.0,320.0,1206.0,155.0,313.0,108.0,176.0,454.0,155.0,313.0,108.0,100.0,76.0,220.0,886.0,0.0,0.9
0:44:20,40000.0,40000.0,40000.0,40000.0,40000.0,40000.0,40000.0,40000.0,320.0,1206.0,155.0,313.0,108.0,176.0,454.0,155.0,313.0,108.0,100.0,76.0,220.0,886.0,0.0,0.9
0:44:30,40000.0,40000.0,40000.0,40000.0,40000.0,40000.0,40000.0,40000.0,320.0,1206.0,155.0,313.0,108.0,176.0,454.0,155.0,313.0,108.0,100.0,76.0,220.0,886.0,0.0,0.9
0:44:40,40000.0,40000.0,40000.0,40000.0,40000.0,40000.0,40000.0,40000.0,320.0,1206.0,155.0,313.0,108.0,176.0,454.0,155.0,313.0,108.0,100.0,76.0,220.0,886.0,0.0,0.9
0:44:50,40000.0,40000.0,40000.0,40000.0,40000.0,40000.0,40000.0,40000.0,320.0,1206.0,155.0,313.0,108.0,176.0,454.0,155.0,313.0,108.0,100.0,76.0,220.0,886.0,0.0,0.9
0:45:00,40000.0,40000.0,40000.0,40000.0,40000.0,40000.0,40000.0,40000.0,320.0,1206.0,155.0,313.0,108.0,176.0,454.0,155.0,313.0,108.0,100.0,76.0,220.0,886.0,0.0,0.9
0:45:10,40000.0,40000.0,40000.0,40000.0,40000.0,40000.0,40000.0,40000.0,320.0,1206.0,155.0,313.0,108.0,176.0,454.0,155.0,313.0,108.0,100.0,76.0,220.0,886.0,0.0,0.9
0:45:20,40000.0,40000.0,40000.0,40000.0,40000.0,40000.0,40000.0,40000.0,320.0,1206.0,155.0,313.0,108.0,176.0,454.0,155.0,313.0,108.0,100.0,76.0,220.0,886.0,0.0,0.9
0:45:30,40000.0,40000.0,40000.0,40000.0,40000.0,40000.0,40000.0,40000.0,320.0,1206.0,155.0,313.0,108.0,176.0,454.0,155.0,313.0,108.0,100.0,76.0,220.0,886.0,0.0,0.9
0:45:40,40000.0,40000.0,40000.0,40000.0,40000.0,40000.0,40000.0,40000.0,320.0,1206.0,155.0,313.0,108.0,176.0,454.0,155.0,313.0,108.0,100.0,76.0,220.0,886.0,0.0,0.9
0:45:50,40000.0,40000.0,40000.0,40000.0,40000.0,40000.0,40000.0,40000.0,320.0,1206.0,155.0,313.0,108.0,176.0,454.0,155.0,313.0,108.0,100.0,76.0,220.0,886.0,0.0,0.9
0:46:00,40000.0,40000.0,40000.0,40000.0,40000.0,40000.0,40000.0,40000.0,320.0,1206.0,155.0,313.0,108.0,176.0,454.0,155.0,313.0,108.0,100.0,76.0,220.0,886.0,0.0,0.9
0:46:10,40000.0,40000.0,40000.0,40000.0,40000.0,40000.0,40000.0,40000.0,320.0,1206.0,155.0,313.0,108.0,176.0,454.0,155.0,313.0,108.0,100.0,76.0,220.0,886.0,0.0,0.9
0:46:20,40000.0,40000.0,40000.0,40000.0,40000.0,40000.0,40000.0,40000.0,320.0,1206.0,155.0,313.0,108.0,176.0,454.0,155.0,313.0,108.0,100.0,76.0,220.0,886.0,0.0,0.9
0:46:30,40000.0,40000.0,40000.0,40000.0,40000.0,40000.0,40000.0,40000.0,320.0,1206.0,155.0,313.0,108.0,176.0,454.0,155.0,313.0,108.0,100.0,76.0,220.0,886.0,0.0,0.9
0:46:40,40000.0,40000.0,40000.0,40000.0,40000.0,40000.0,40000.0,40000.0,320.0,1206.0,155.0,313.0,108.0,176.0,454.0,155.0,313.0,108.0,100.0,76.0,220.0,886.0,0.0,0.9
0:46:50,40000.0,40000.0,40000.0,40000.0,40000.0,40000.0,40000.0,40000.0,320.0,1206.0,155.0,313.0,108.0,176.0,454.0,155.0,313.0,108.0,100.0,76.0,220.0,886.0,0.0,0.9
0:47:00,40000.0,40000.0,40000.0,40000.0,40000.0,40000.0,40000.0,40000.0,320.0,1206.0,155.0,313.0,108.0,176.0,454.0,155.0,313.0,108.0,100.0,76.0,220.0,886.0,0.0,0.9
0:47:10,40000.0,40000.0,40000.0,40000.0,40000.0,40000.0,40000.0,40000.0,320.0,1206.0,155.0,313.0,108.0,176.0,454.0,155.0,313.0,108.0,100.0,76.0,220.0,886.0,0.0,0.9
0:47:20,40000.0,40000.0,40000.0,40000.0,40000.0,40000.0,40000.0,40000.0,320.0,1206.0,155.0,313.0,108.0,176.0,454.0,155.0,313.0,108.0,100.0,76.0,220.0,886.0,0.0,0.9
0:47:30,40000.0,40000.0,40000.0,40000.0,40000.0,40000.0,40000.0,40000.0,320.0,1206.0,155.0,313.0,108.0,176.0,454.0,155.0,313.0,108.0,100.0,76.0,220.0,886.0,0.0,0.9
0:47:40,40000.0,40000.0,40000.0,40000.0,40000.0,40000.0,40000.0,40000.0,320.0,1206.0,155.0,313.0,108.0,176.0,454.0,155.0,313.0,108.0,100.0,76.0,220.0,886.0,0.0,0.9
0:47:50,40000.0,40000.0,40000.0,40000.0,40000.0,40000.0,40000.0,40000.0,320.0,1206.0,155.0,313.0,108.0,176.0,454.0,155.0,313.0,108.0,100.0,76.0,220.0,886.0,0.0,0.9
0:48:00,40000.0,40000.0,40000.0,40000.0,40000.0,40000.0,40000.0,40000.0,320.0,1206.0,155.0,313.0,108.0,176.0,454.0,155.0,313.0,108.0,100.0,76.0,220.0,886.0,0.0,0.9
0:48:10,40000.0,40000.0,40000.0,40000.0,40000.0,40000.0,40000.0,40000.0,320.0,1206.0,155.0,313.0,108.0,176.0,454.0,155.0,313.0,108.0,100.0,76.0,220.0,886.0,0.0,0.9
0:48:20,40000.0,40000.0,40000.0,40000.0,40000.0,40000.0,40000.0,40000.0,320.0,1206.0,155.0,313.0,108.0,176.0,454.0,155.0,313.0,108.0,100.0,76.0,220.0,886.0,0.0,0.9
0:48:30,40000.0,40000.0,40000.0,40000.0,40000.0,40000.0,40000.0,40000.0,320.0,1206.0,155.0,313.0,108.0,176.0,454.0,155.0,313.0,108.0,100.0,76.0,220.0,886.0,0.0,0.9
0:48:40,40000.0,40000.0,40000.0,40000.0,40000.0,40000.0,40000.0,40000.0,320.0,1206.0,155.0,313.0,108.0,176.0,454.0,155.0,313.0,108.0,100.0,76.0,220.0,886.0,0.0,0.9
0:48:50,40000.0,40000.0,40000.0,40000.0,40000.0,40000.0,40000.0,40000.0,320.0,1206.0,155.0,313.0,108.0,176.0,454.0,155.0,313.0,108.0,100.0,76.0,220.0,886.0,0.0,0.9
0:49:00,40000.0,40000.0,40000.0,40000.0,40000.0,40000.0,40000.0,40000.0,320.0,1206.0,155.0,313.0,108.0,176.0,454.0,155.0,313.0,108.0,100.0,76.0,220.0,886.0,0.0,0.9
0:49:10,40000.0,40000.0,40000.0,40000.0,40000.0,40000.0,40000.0,40000.0,320.0,1206.0,155.0,313.0,108.0,176.0,454.0,155.0,313.0,108.0,100.0,76.0,220.0,886.0,0.0,0.9
0:49:20,40000.0,40000.0,40000.0,40000.0,40000.0,40000.0,40000.0,40000.0,320.0,1206.0,155.0,313.0,108.0,176.0,454.0,155.0,313.0,108.0,100.0,76.0,220.0,886.0,0.0,0.9
0:49:30,40000.0,40000.0,40000.0,40000.0,40000.0,40000.0,40000.0,40000.0,320.0,1206.0,155.0,313.0,108.0,176.0,454.0,155.0,313.0,108.0,100.0,76.0,220.0,886.0,0.0,0.9
0:49:40,40000.0,40000.0,40000.0,40000.0,40000.0,40000.0,40000.0,40000.0,320.0,1206.0,155.0,313.0,108.0,176.0,454.0,155.0,313.0,108.0,100.0,76.0,220.0,886.0,0.0,0.9
0:49:50,40000.0,40000.0,40000.0,40000.0,40000.0,40000.0,40000.0,40000.0,320.0,1206.0,155.0,313.0,108.0,176.0,454.0,155.0,313.0,108.0,100.0,76.0,220.0,886.0,0.0,0.9
0:50:00,40000.0,40000.0,40000.0,40000.0,40000.0,40000.0,40000.0,40000.0,320.0,1206.0,155.0,313.0,108.0,176.0,454.0,155.0,313.0,108.0,100.0,76.0,220.0,886.0,0.0,0.9
0:50:10,40000.0,40000.0,40000.0,40000.0,40000.0,40000.0,40000.0,40000.0,320.0,1206.0,155.0,313.0,108.0,176.0,454.0,155.0,313.0,108.0,100.0,76.0,220.0,886.0,0.0,0.9
0:50:20,40000.0,40000.0,40000.0,40000.0,40000.0,40000.0,40000.0,40000.0,320.0,1206.0,155.0,313.0,108.0,176.0,454.0,155.0,313.0,108.0,100.0,76.0,220.0,886.0,0.0,0.9
0:50:30,40000.0,40000.0,40000.0,40000.0,40000.0,40000.0,40000.0,40000.0,320.0,1206.0,155.0,313.0,108.0,176.0,454.0,155.0,313.0,108.0,100.0,76.0,220.0,886.0,0.0,0.9
0:50:40,40000.0,40000.0,40000.0,40000.0,40000.0,40000.0,40000.0,40000.0,320.0,1206.0,155.0,313.0,108.0,176.0,454.0,155.0,313.0,108.0,100.0,76.0,220.0,886.0,0.0,0.9
0:50:50,40000.0,40000.0,40000.0,40000.0,40000.0,40000.0,40000.0,40000.0,320.0,1206.0,155.0,313.0,108.0,176.0,454.0,155.0,313.0,108.0,100.0,76.0,220.0,886.0,0.0,0.9
0:51:00,40000.0,40000.0,40000.0,40000.0,40000.0,40000.0,40000.0,40000.0,320.0,1206.0,155.0,313.0,108.0,176.0,454.0,155.0,313.0,108.0,100.0,76.0,220.0,886.0,0.0,0.9
0:51:10,40000.0,40000.0,40000.0,40000.0,40000.0,40000.0,40000.0,40000.0,320.0,1206.0,155.0,313.0,108.0,176.0,454.0,155.0,313.0,108.0,100.0,76.0,220.0,886.0,0.0,0.9
0:51:20,40000.0,40000.0,40000.0,40000.0,40000.0,40000.0,40000.0,40000.0,320.0,1206.0,155.0,313.0,108.0,176.0,454.0,155.0,313.0,108.0,100.0,76.0,220.0,886.0,0.0,0.9
0:51:30,40000.0,40000.0,40000.0,40000.0,40000.0,40000.0,40000.0,40000.0,320.0,1206.0,155.0,313.0,108.0,176.0,454.0,155.0,313.0,108.0,100.0,76.0,220.0,886.0,0.0,0.9
0:51:40,40000.0,40000.0,40000.0,40000.0,40000.0,40000.0,40000.0,40000.0,320.0,1206.0,155.0,313.0,108.0,176.0,454.0,155.0,313.0,108.0,100.0,76.0,220.0,886.0,0.0,0.9
0:51:50,40000.0,40000.0,40000.0,40000.0,40000.0,40000.0,40000.0,40000.0,320.0,1206.0,155.0,313.0,108.0,176.0,454.0,155.0,313.0,108.0,100.0,76.0,220.0,886.0,0.0,0.9
0:52:00,40000.0,40000.0,40000.0,40000.0,40000.0,40000.0,40000.0,40000.0,320.0,1206.0,155.0,313.0,108.0,176.0,454.0,155.0,313.0,108.0,100.0,76.0,220.0,886.0,0.0,0.9
0:52:10,40000.0,40000.0,40000.0,40000.0,40000.0,40000.0,40000.0,40000.0,320.0,1206.0,155.0,313.0,108.0,176.0,454.0,155.0,313.0,108.0,100.0,76.0,220.0,886.0,0.0,0.9
0:52:20,40000.0,40000.0,40000.0,40000.0,40000.0,40000.0,40000.0,40000.0,320.0,1206.0,155.0,313.0,108.0,176.0,454.0,155.0,313.0,108.0,100.0,76.0,220.0,886.0,0.0,0.9
0:52:30,40000.0,40000.0,40000.0,40000.0,40000.0,40000.0,40000.0,40000.0,320.0,1206.0,155.0,313.0,108.0,176.0,454.0,155.0,313.0,108.0,100.0,76.0,220.0,886.0,0.0,0.9
0:52:40,40000.0,40000.0,40000.0,40000.0,40000.0,40000.0,40000.0,40000.0,320.0,1206.0,155.0,313.0,108.0,176.0,454.0,155.0,313.0,108.0,100.0,76.0,220.0,886.0,0.0,0.9
0:52:50,40000.0,40000.0,40000.0,40000.0,40000.0,40000.0,40000.0,40000.0,320.0,1206.0,155.0,313.0,108.0,176.0,454.0,155.0,313.0,108.0,100.0,76.0,220.0,886.0,0.0,0.9
0:53:00,40000.0,40000.0,40000.0,40000.0,40000.0,40000.0,40000.0,40000.0,320.0,1206.0,155.0,313.0,108.0,176.0,454.0,155.0,313.0,108.0,100.0,76.0,220.0,886.0,0.0,0.9
0:53:10,40000.0,40000.0,40000.0,40000.0,40000.0,40000.0,40000.0,40000.0,320.0,1206.0,155.0,313.0,108.0,176.0,454.0,155.0,313.0,108.0,100.0,76.0,220.0,886.0,0.0,0.9
0:53:20,40000.0,40000.0,40000.0,40000.0,40000.0,40000.0,40000.0,40000.0,320.0,1206.0,155.0,313.0,108.0,176.0,454.0,155.0,313.0,108.0,100.0,76.0,220.0,886.0,0.0,0.9
0:53:30,40000.0,40000.0,40000.0,40000.0,40000.0,40000.0,40000.0,40000.0,320.0,1206.0,155.0,313.0,108.0,176.0,454.0,155.0,313.0,108.0,100.0,76.0,220.0,886.0,0.0,0.9
0:53:40,40000.0,40000.0,40000.0,40000.0,40000.0,40000.0,40000.0,40000.0,320.0,1206.0,155.0,313.0,108.0,176.0,454.0,155.0,313.0,108.0,100.0,76.0,220.0,886.0,0.0,0.9
0:53:50,40000.0,40000.0,40000.0,40000.0,40000.0,40000.0,40000.0,40000.0,320.0,1206.0,155.0,313.0,108.0,176.0,454.0,155.0,313.0,108.0,100.0,76.0,220.0,886.0,0.0,0.9
0:54:00,40000.0,40000.0,40000.0,40000.0,40000.0,40000.0,40000.0,40000.0,320.0,1206.0,155.0,313.0,108.0,176.0,454.0,155.0,313.0,108.0,100.0,76.0,220.0,886.0,0.0,0.9
0:54:10,40000.0,40000.0,40000.0,40000.0,40000.0,40000.0,40000.0,40000.0,320.0,1206.0,155.0,313.0,108.0,176.0,454.0,155.0,313.0,108.0,100.0,76.0,220.0,886.0,0.0,0.9
0:54:20,40000.0,40000.0,40000.0,40000.0,40000.0,40000.0,40000.0,40000.0,320.0,1206.0,155.0,313.0,108.0,176.0,454.0,155.0,313.0,108.0,100.0,76.0,220.0,886.0,0.0,0.9
0:54:30,40000.0,40000.0,40000.0,40000.0,40000.0,40000.0,40000.0,40000.0,320.0,1206.0,155.0,313.0,108.0,176.0,454.0,155.0,313.0,108.0,100.0,76.0,220.0,886.0,0.0,0.9
0:54:40,40000.0,40000.0,40000.0,40000.0,40000.0,40000.0,40000.0,40000.0,320.0,1206.0,155.0,313.0,108.0,176.0,454.0,155.0,313.0,108.0,100.0,76.0,220.0,886.0,0.0,0.9
0:54:50,40000.0,40000.0,40000.0,40000.0,40000.0,40000.0,40000.0,40000.0,320.0,1206.0,155.0,313.0,108.0,176.0,454.0,155.0,313.0,108.0,100.0,76.0,220.0,886.0,0.0,0.9
0:55:00,40000.0,40000.0,40000.0,40000.0,40000.0,40000.0,40000.0,40000.0,320.0,1206.0,155.0,313.0,108.0,176.0,454.0,155.0,313.0,108.0,100.0,76.0,220.0,886.0,0.0,0.9
0:55:10,40000.0,40000.0,40000.0,40000.0,40000.0,40000.0,40000.0,40000.0,320.0,1206.0,155.0,313.0,108.0,176.0,454.0,155.0,313.0,108.0,100.0,76.0,220.0,886.0,0.0,0.9
0:55:20,40000.0,40000.0,40000.0,40000.0,40000.0,40000.0,40000.0,40000.0,320.0,1206.0,155.0,313.0,108.0,176.0,454.0,155.0,313.0,108.0,100.0,76.0,220.0,886.0,0.0,0.9
0:55:30,40000.0,40000.0,40000.0,40000.0,40000.0,40000.0,40000.0,40000.0,320.0,1206.0,155.0,313.0,108.0,176.0,454.0,155.0,313.0,108.0,100.0,76.0,220.0,886.0,0.0,0.9
0:55:40,40000.0,40000.0,40000.0,40000.0,40000.0,40000.0,40000.0,40000.0,320.0,1206.0,155.0,313.0,108.0,176.0,454.0,155.0,313.0,108.0,100.0,76.0,220.0,886.0,0.0,0.9
0:55:50,40000.0,40000.0,40000.0,40000.0,40000.0,40000.0,40000.0,40000.0,320.0,1206.0,155.0,313.0,108.0,176.0,454.0,155.0,313.0,108.0,100.0,76.0,220.0,886.0,0.0,0.9
0:56:00,40000.0,40000.0,40000.0,40000.0,40000.0,40000.0,40000.0,40000.0,320.0,1206.0,155.0,313.0,108.0,176.0,454.0,155.0,313.0,108.0,100.0,76.0,220.0,886.0,0.0,0.9
0:56:10,40000.0,40000.0,40000.0,40000.0,40000.0,40000.0,40000.0,40000.0,320.0,1206.0,155.0,313.0,108.0,176.0,454.0,155.0,313.0,108.0,100.0,76.0,220.0,886.0,0.0,0.9
0:56:20,40000.0,40000.0,40000.0,40000.0,40000.0,40000.0,40000.0,40000.0,320.0,1206.0,155.0,313.0,108.0,176.0,454.0,155.0,313.0,108.0,100.0,76.0,220.0,886.0,0.0,0.9
0:56:30,40000.0,40000.0,40000.0,40000.0,40000.0,40000.0,40000.0,40000.0,320.0,1206.0,155.0,313.0,108.0,176.0,454.0,155.0,313.0,108.0,100.0,76.0,220.0,886.0,0.0,0.9
0:56:40,40000.0,40000.0,40000.0,40000.0,40000.0,40000.0,40000.0,40000.0,320.0,1206.0,155.0,313.0,108.0,176.0,454.0,155.0,313.0,108.0,100.0,76.0,220.0,886.0,0.0,0.9
0:56:50,40000.0,40000.0,40000.0,40000.0,40000.0,40000.0,40000.0,40000.0,320.0,1206.0,155.0,313.0,108.0,176.0,454.0,155.0,313.0,108.0,100.0,76.0,220.0,886.0,0.0,0.9
0:57:00,40000.0,40000.0,40000.0,40000.0,40000.0,40000.0,40000.0,40000.0,320.0,1206.0,155.0,313.0,108.0,176.0,454.0,155.0,313.0,108.0,100.0,76.0,220.0,886.0,0.0,0.9
0:57:10,40000.0,40000.0,40000.0,40000.0,40000.0,40000.0,40000.0,40000.0,320.0,1206.0,155.0,313.0,108.0,176.0,454.0,155.0,313.0,108.0,100.0,76.0,220.0,886.0,0.0,0.9
0:57:20,40000.0,40000.0,40000.0,40000.0,40000.0,40000.0,40000.0,40000.0,320.0,1206.0,155.0,313.0,108.0,176.0,454.0,155.0,313.0,108.0,100.0,76.0,220.0,886.0,0.0,0.9
0:57:30,40000.0,40000.0,40000.0,40000.0,40000.0,40000.0,40000.0,40000.0,320.0,1206.0,155.0,313.0,108.0,176.0,454.0,155.0,313.0,108.0,100.0,76.0,220.0,886.0,0.0,0.9
0:57:40,40000.0,40000.0,40000.0,40000.0,40000.0,40000.0,40000.0,40000.0,320.0,1206.0,155.0,313.0,108.0,176.0,454.0,155.0,313.0,108.0,100.0,76.0,220.0,886.0,0.0,0.9
0:57:50,40000.0,40000.0,40000.0,40000.0,40000.0,40000.0,40000.0,40000.0,320.0,1206.0,155.0,313.0,108.0,176.0,454.0,155.0,313.0,108.0,100.0,76.0,220.0,886.0,0.0,0.9
0:58:00,40000.0,40000.0,40000.0,40000.0,40000.0,40000.0,40000.0,40000.0,320.0,1206.0,155.0,313.0,108.0,176.0,454.0,155.0,313.0,108.0,100.0,76.0,220.0,886.0,0.0,0.9
0:58:10,40000.0,40000.0,40000.0,40000.0,40000.0,40000.0,40000.0,40000.0,320.0,1206.0,155.0,313.0,108.0,176.0,454.0,155.0,313.0,108.0,100.0,76.0,220.0,886.0,0.0,0.9
0:58:20,40000.0,40000.0,40000.0,40000.0,40000.0,40000.0,40000.0,40000.0,320.0,1206.0,155.0,313.0,108.0,176.0,454.0,155.0,313.0,108.0,100.0,76.0,220.0,886.0,0.0,0.9
0:58:30,40000.0,40000.0,40000.0,40000.0,40000.0,40000.0,40000.0,40000.0,320.0,1206.0,155.0,313.0,108.0,176.0,454.0,155.0,313.0,108.0,100.0,76.0,220.0,886.0,0.0,0.9
0:58:40,40000.0,40000.0,40000.0,40000.0,40000.0,40000.0,40000.0,40000.0,320.0,1206.0,155.0,313.0,108.0,176.0,454.0,155.0,313.0,108.0,100.0,76.0,220.0,886.0,0.0,0.9
0:58:50,40000.0,40000.0,40000.0,40000.0,40000.0,40000.0,40000.0,40000.0,320.0,1206.0,155.0,313.0,108.0,176.0,454.0,155.0,313.0,108.0,100.0,76.0,220.0,886.0,0.0,0.9
0:59:00,40000.0,40000.0,40000.0,40000.0,40000.0,40000.0,40000.0,40000.0,320.0,1206.0,155.0,313.0,108.0,176.0,454.0,155.0,313.0,108.0,100.0,76.0,220.0,886.0,0.0,0.9
0:59:10,40000.0,40000.0,40000.0,40000.0,40000.0,40000.0,40000.0,40000.0,320.0,1206.0,155.0,313.0,108.0,176.0,454.0,155.0,313.0,108.0,100.0,76.0,220.0,886.0,0.0,0.9
0:59:20,40000.0,40000.0,40000.0,40000.0,40000.0,40000.0,40000.0,40000.0,320.0,1206.0,155.0,313.0,108.0,176.0,454.0,155.0,313.0,108.0,100.0,76.0,220.0,886.0,0.0,0.9
0:59:30,40000.0,40000.0,40000.0,40000.0,40000.0,40000.0,40000.0,40000.0,320.0,1206.0,155.0,313.0,108.0,176.0,454.0,155.0,313.0,108.0,100.0,76.0,220.0,886.0,0.0,0.9
0:59:40,40000.0,40000.0,40000.0,40000.0,40000.0,40000.0,40000.0,40000.0,320.0,1206.0,155.0,313.0,108.0,176.0,454.0,155.0,313.0,108.0,100.0,76.0,220.0,886.0,0.0,0.9
0:59:50,40000.0,40000.0,40000.0,40000.0,40000.0,40000.0,40000.0,40000.0,320.0,1206.0,155.0,313.0,108.0,176.0,454.0,155.0,313.0,108.0,100.0,76.0,220.0,886.0,0.0,0.9
1:00:00,40000.0,40000.0,40000.0,40000.0,40000.0,40000.0,40000.0,40000.0,320.0,1206.0,155.0,313.0,108.0,176.0,454.0,155.0,313.0,108.0,100.0,76.0,220.0,886.0,0.0,0.9
1:00:10,40000.0,40000.0,40000.0,40000.0,40000.0,40000.0,40000.0,40000.0,320.0,1206.0,155.0,313.0,108.0,176.0,454.0,155.0,313.0,108.0,100.0,76.0,220.0,886.0,0.0,0.9
1:00:20,40000.0,40000.0,40000.0,40000.0,40000.0,40000.0,40000.0,40000.0,320.0,1206.0,155.0,313.0,108.0,176.0,454.0,155.0,313.0,108.0,100.0,76.0,220.0,886.0,0.0,0.9
1:00:30,40000.0,40000.0,40000.0,40000.0,40000.0,40000.0,40000.0,40000.0,320.0,1206.0,155.0,313.0,108.0,176.0,454.0,155.0,313.0,108.0,100.0,76.0,220.0,886.0,0.0,0.9
1:00:40,40000.0,40000.0,40000.0,40000.0,40000.0,40000.0,40000.0,40000.0,320.0,1206.0,155.0,313.0,108.0,176.0,454.0,155.0,313.0,108.0,100.0,76.0,220.0,886.0,0.0,0.9
1:00:50,40000.0,40000.0,40000.0,40000.0,40000.0,40000.0,40000.0,40000.0,320.0,1206.0,155.0,313.0,108.0,176.0,454.0,155.0,313.0,108.0,100.0,76.0,220.0,886.0,0.0,0.9
1:01:00,40000.0,40000.0,40000.0,40000.0,40000.0,40000.0,40000.0,40000.0,320.0,1206.0,155.0,313.0,108.0,176.0,454.0,155.0,313.0,108.0,100.0,76.0,220.0,886.0,0.0,0.9
1:01:10,40000.0,40000.0,40000.0,40000.0,40000.0,40000.0,40000.0,40000.0,320.0,1206.0,155.0,313.0,108.0,176.0,454.0,155.0,313.0,108.0,100.0,76.0,220.0,886.0,0.0,0.9
1:01:20,40000.0,40000.0,40000.0,40000.0,40000.0,40000.0,40000.0,40000.0,320.0,1206.0,155.0,313.0,108.0,176.0,454.0,155.0,313.0,108.0,100.0,76.0,220.0,886.0,0.0,0.9
1:01:30,40000.0,40000.0,40000.0,40000.0,40000.0,40000.0,40000.0,40000.0,320.0,1206.0,155.0,313.0,108.0,176.0,454.0,155.0,313.0,108.0,100.0,76.0,220.0,886.0,0.0,0.9
1:01:40,40000.0,40000.0,40000.0,40000.0,40000.0,40000.0,40000.0,40000.0,320.0,1206.0,155.0,313.0,108.0,176.0,454.0,155.0,313.0,108.0,100.0,76.0,220.0,886.0,0.0,0.9
1:01:50,40000.0,40000.0,40000.0,40000.0,40000.0,40000.0,40000.0,40000.0,320.0,1206.0,155.0,313.0,108.0,176.0,454.0,155.0,313.0,108.0,100.0,76.0,220.0,886.0,0.0,0.9
1:02:00,40000.0,40000.0,40000.0,40000.0,40000.0,40000.0,40000.0,40000.0,320.0,1206.0,155.0,313.0,108.0,176.0,454.0,155.0,313.0,108.0,100.0,76.0,220.0,886.0,0.0,0.9
1:02:10,40000.0,40000.0,40000.0,40000.0,40000.0,40000.0,40000.0,40000.0,320.0,1206.0,155.0,313.0,108.0,176.0,454.0,155.0,313.0,108.0,100.0,76.0,220.0,886.0,0.0,0.9
1:02:20,40000.0,40000.0,40000.0,40000.0,40000.0,40000.0,40000.0,40000.0,320.0,1206.0,155.0,313.0,108.0,176.0,454.0,155.0,313.0,108.0,100.0,76.0,220.0,886.0,0.0,0.9
1:02:30,40000.0,40000.0,40000.0,40000.0,40000.0,40000.0,40000.0,40000.0,320.0,1206.0,155.0,313.0,108.0,176.0,454.0,155.0,313.0,108.0,100.0,76.0,220.0,886.0,0.0,0.9
1:02:40,40000.0,40000.0,40000.0,40000.0,40000.0,40000.0,40000.0,40000.0,320.0,1206.0,155.0,313.0,108.0,176.0,454.0,155.0,313.0,108.0,100.0,76.0,220.0,886.0,0.0,0.9
1:02:50,40000.0,40000.0,40000.0,40000.0,40000.0,40000.0,40000.0,40000.0,320.0,1206.0,155.0,313.0,108.0,176.0,454.0,155.0,313.0,108.0,100.0,76.0,220.0,886.0,0.0,0.9
1:03:00,40000.0,40000.0,40000.0,40000.0,40000.0,40000.0,40000.0,40000.0,320.0,1206.0,155.0,313.0,108.0,176.0,454.0,155.0,313.0,108.0,100.0,76.0,220.0,886.0,0.0,0.9
1:03:10,40000.0,40000.0,40000.0,40000.0,40000.0,40000.0,40000.0,40000.0,320.0,1206.0,155.0,313.0,108.0,176.0,454.0,155.0,313.0,108.0,100.0,76.0,220.0,886.0,0.0,0.9
1:03:20,40000.0,40000.0,40000.0,40000.0,40000.0,40000.0,40000.0,40000.0,320.0,1206.0,155.0,313.0,108.0,176.0,454.0,155.0,313.0,108.0,100.0,76.0,220.0,886.0,0.0,0.9
1:03:30,40000.0,40000.0,40000.0,40000.0,40000.0,40000.0,40000.0,40000.0,320.0,1206.0,155.0,313.0,108.0,176.0,454.0,155.0,313.0,108.0,100.0,76.0,220.0,886.0,0.0,0.9
1:03:40,40000.0,40000.0,40000.0,40000.0,40000.0,40000.0,40000.0,40000.0,320.0,1206.0,155.0,313.0,108.0,176.0,454.0,155.0,313.0,108.0,100.0,76.0,220.0,886.0,0.0,0.9
1:03:50,40000.0,40000.0,40000.0,40000.0,40000.0,40000.0,40000.0,40000.0,320.0,1206.0,155.0,313.0,108.0,176.0,454.0,155.0,313.0,108.0,100.0,76.0,220.0,886.0,0.0,0.9
1:04:00,40000.0,40000.0,40000.0,40000.0,40000.0,40000.0,40000.0,40000.0,320.0,1206.0,155.0,313.0,108.0,176.0,454.0,155.0,313.0,108.0,100.0,76.0,220.0,886.0,0.0,0.9
1:04:10,40000.0,40000.0,40000.0,40000.0,40000.0,40000.0,40000.0,40000.0,320.0,1206.0,155.0,313.0,108.0,176.0,454.0,155.0,313.0,108.0,100.0,76.0,220.0,886.0,0.0,0.9
1:04:20,40000.0,40000.0,40000.0,40000.0,40000.0,40000.0,40000.0,40000.0,320.0,1206.0,155.0,313.0,108.0,176.0,454.0,155.0,313.0,108.0,100.0,76.0,220.0,886.0,0.0,0.9
1:04:30,40000.0,40000.0,40000.0,40000.0,40000.0,40000.0,40000.0,40000.0,320.0,1206.0,155.0,313.0,108.0,176.0,454.0,155.0,313.0,108.0,100.0,76.0,220.0,886.0,0.0,0.9
1:04:40,40000.0,40000.0,40000.0,40000.0,40000.0,40000.0,40000.0,40000.0,320.0,1206.0,155.0,313.0,108.0,176.0,454.0,155.0,313.0,108.0,100.0,76.0,220.0,886.0,0.0,0.9
1:04:50,40000.0,40000.0,40000.0,40000.0,40000.0,40000.0,40000.0,40000.0,320.0,1206.0,155.0,313.0,108.0,176.0,454.0,155.0,313.0,108.0,100.0,76.0,220.0,886.0,0.0,0.9
1:05:00,40000.0,40000.0,40000.0,40000.0,40000.0,40000.0,40000.0,40000.0,320.0,1206.0,155.0,313.0,108.0,176.0,454.0,155.0,313.0,108.0,100.0,76.0,220.0,886.0,0.0,0.9
1:05:10,40000.0,40000.0,40000.0,40000.0,40000.0,40000.0,40000.0,40000.0,320.0,1206.0,155.0,313.0,108.0,176.0,454.0,155.0,313.0,108.0,100.0,76.0,220.0,886.0,0.0,0.9
1:05:20,40000.0,40000.0,40000.0,40000.0,40000.0,40000.0,40000.0,40000.0,320.0,1206.0,155.0,313.0,108.0,176.0,454.0,155.0,313.0,108.0,100.0,76.0,220.0,886.0,0.0,0.9
1:05:30,40000.0,40000.0,40000.0,40000.0,40000.0,40000.0,40000.0,40000.0,320.0,1206.0,155.0,313.0,108.0,176.0,454.0,155.0,313.0,108.0,100.0,76.0,220.0,886.0,0.0,0.9
1:05:40,40000.0,40000.0,40000.0,40000.0,40000.0,40000.0,40000.0,40000.0,320.0,1206.0,155.0,313.0,108.0,176.0,454.0,155.0,313.0,108.0,100.0,76.0,220.0,886.0,0.0,0.9
1:05:50,40000.0,40000.0,40000.0,40000.0,40000.0,40000.0,40000.0,40000.0,320.0,1206.0,155.0,313.0,108.0,176.0,454.0,155.0,313.0,108.0,100.0,76.0,220.0,886.0,0.0,0.9
1:06:00,40000.0,40000.0,40000.0,40000.0,40000.0,40000.0,40000.0,40000.0,320.0,1206.0,155.0,313.0,108.0,176.0,454.0,155.0,313.0,108.0,100.0,76.0,220.0,886.0,0.0,0.9
1:06:10,40000.0,40000.0,40000.0,40000.0,40000.0,40000.0,40000.0,40000.0,320.0,1206.0,155.0,313.0,108.0,176.0,454.0,155.0,313.0,108.0,100.0,76.0,220.0,886.0,0.0,0.9
1:06:20,40000.0,40000.0,40000.0,40000.0,40000.0,40000.0,40000.0,40000.0,320.0,1206.0,155.0,313.0,108.0,176.0,454.0,155.0,313.0,108.0,100.0,76.0,220.0,886.0,0.0,0.9
1:06:30,40000.0,40000.0,40000.0,40000.0,40000.0,40000.0,40000.0,40000.0,320.0,1206.0,155.0,313.0,108.0,176.0,454.0,155.0,313.0,108.0,100.0,76.0,220.0,886.0,0.0,0.9
1:06:40,40000.0,40000.0,40000.0,40000.0,40000.0,40000.0,40000.0,40000.0,320.0,1206.0,155.0,313.0,108.0,176.0,454.0,155.0,313.0,108.0,100.0,76.0,220.0,886.0,0.0,0.9
1:06:50,40000.0,40000.0,40000.0,40000.0,40000.0,40000.0,40000.0,40000.0,320.0,1206.0,155.0,313.0,108.0,176.0,454.0,155.0,313.0,108.0,100.0,76.0,220.0,886.0,0.0,0.9
1:07:00,40000.0,40000.0,40000.0,40000.0,40000.0,40000.0,40000.0,40000.0,320.0,1206.0,155.0,313.0,108.0,176.0,454.0,155.0,313.0,108.0,100.0,76.0,220.0,886.0,0.0,0.9
1:07:10,40000.0,40000.0,40000.0,40000.0,40000.0,40000.0,40000.0,40000.0,320.0,1206.0,155.0,313.0,108.0,176.0,454.0,155.0,313.0,108.0,100.0,76.0,220.0,886.0,0.0,0.9
1:07:20,40000.0,40000.0,40000.0,40000.0,40000.0,40000.0,40000.0,40000.0,320.0,1206.0,155.0,313.0,108.0,176.0,454.0,155.0,313.0,108.0,100.0,76.0,220.0,886.0,0.0,0.9
1:07:30,40000.0,40000.0,40000.0,40000.0,40000.0,40000.0,40000.0,40000.0,320.0,1206.0,155.0,313.0,108.0,176.0,454.0,155.0,313.0,108.0,100.0,76.0,220.0,886.0,0.0,0.9
1:07:40,40000.0,40000.0,40000.0,40000.0,40000.0,40000.0,40000.0,40000.0,320.0,1206.0,155.0,313.0,108.0,176.0,454.0,155.0,313.0,108.0,100.0,76.0,220.0,886.0,0.0,0.9
1:07:50,40000.0,40000.0,40000.0,40000.0,40000.0,40000.0,40000.0,40000.0,320.0,1206.0,155.0,313.0,108.0,176.0,454.0,155.0,313.0,108.0,100.0,76.0,220.0,886.0,0.0,0.9
1:08:00,40000.0,40000.0,40000.0,40000.0,40000.0,40000.0,40000.0,40000.0,320.0,1206.0,155.0,313.0,108.0,176.0,454.0,155.0,313.0,108.0,100.0,76.0,220.0,886.0,0.0,0.9
1:08:10,40000.0,40000.0,40000.0,40000.0,40000.0,40000.0,40000.0,40000.0,320.0,1206.0,155.0,313.0,108.0,176.0,454.0,155.0,313.0,108.0,100.0,76.0,220.0,886.0,0.0,0.9
1:08:20,40000.0,40000.0,40000.0,40000.0,40000.0,40000.0,40000.0,40000.0,320.0,1206.0,155.0,313.0,108.0,176.0,454.0,155.0,313.0,108.0,100.0,76.0,220.0,886.0,0.0,0.9
1:08:30,40000.0,40000.0,40000.0,40000.0,40000.0,40000.0,40000.0,40000.0,320.0,1206.0,155.0,313.0,108.0,176.0,454.0,155.0,313.0,108.0,100.0,76.0,220.0,886.0,0.0,0.9
1:08:40,40000.0,40000.0,40000.0,40000.0,40000.0,40000.0,40000.0,40000.0,320.0,1206.0,155.0,313.0,108.0,176.0,454.0,155.0,313.0,108.0,100.0,76.0,220.0,886.0,0.0,0.9
1:08:50,40000.0,40000.0,40000.0,40000.0,40000.0,40000.0,40000.0,40000.0,320.0,1206.0,155.0,313.0,108.0,176.0,454.0,155.0,313.0,108.0,100.0,76.0,220.0,886.0,0.0,0.9
1:09:00,40000.0,40000.0,40000.0,40000.0,40000.0,40000.0,40000.0,40000.0,320.0,1206.0,155.0,313.0,108.0,176.0,454.0,155.0,313.0,108.0,100.0,76.0,220.0,886.0,0.0,0.9
1:09:10,40000.0,40000.0,40000.0,40000.0,40000.0,40000.0,40000.0,40000.0,320.0,1206.0,155.0,313.0,108.0,176.0,454.0,155.0,313.0,108.0,100.0,76.0,220.0,886.0,0.0,0.9
1:09:20,40000.0,40000.0,40000.0,40000.0,40000.0,40000.0,40000.0,40000.0,320.0,1206.0,155.0,313.0,108.0,176.0,454.0,155.0,313.0,108.0,100.0,76.0,220.0,886.0,0.0,0.9
1:09:30,40000.0,40000.0,40000.0,40000.0,40000.0,40000.0,40000.0,40000.0,320.0,1206.0,155.0,313.0,108.0,176.0,454.0,155.0,313.0,108.0,100.0,76.0,220.0,886.0,0.0,0.9
1:09:40,40000.0,40000.0,40000.0,40000.0,40000.0,40000.0,40000.0,40000.0,320.0,1206.0,155.0,313.0,108.0,176.0,454.0,155.0,313.0,108.0,100.0,76.0,220.0,886.0,0.0,0.9
1:09:50,40000.0,40000.0,40000.0,40000.0,40000.0,40000.0,40000.0,40000.0,320.0,1206.0,155.0,313.0,108.0,176.0,454.0,155.0,313.0,108.0,100.0,76.0,220.0,886.0,0.0,0.9
